id,estado,nombre,fecha_registro,documento,solicitud_id_id
1,1,Modelamiento base de datos JIT.pdf,2022-11-28,resultados/Modelamiento_base_de_datos_JIT.pdf-2022-11-28.pdf,2
2,1,FlujoDeProcesoCentroDeConciliaciNJIT.pdf,2022-11-28,resultados/FlujoDeProcesoCentroDeConciliaciNJIT.pdf-2022-11-28.pdf,2
3,1,Modelamiento base de datos JIT.pdf,2022-11-28,resultados/Modelamiento_base_de_datos_JIT.pdf-2022-11-28_VCQXRzv.pdf,3
4,1,FlujoDeProcesoCentroDeConciliaciNJIT.pdf,2022-11-28,resultados/FlujoDeProcesoCentroDeConciliaciNJIT.pdf-2022-11-28_aLyBvmF.pdf,3
5,1,Modelamiento base de datos JIT.pdf,2022-11-28,resultados/Modelamiento_base_de_datos_JIT.pdf-2022-11-28_xrWfZk4.pdf,4
6,1,FlujoDeProcesoCentroDeConciliaciNJIT.pdf,2022-11-28,resultados/FlujoDeProcesoCentroDeConciliaciNJIT.pdf-2022-11-28_nmRll0q.pdf,4
7,1,Modelamiento base de datos JIT.pdf,2022-11-28,resultados/Modelamiento_base_de_datos_JIT.pdf-2022-11-28_7k8eXih.pdf,4
8,1,Modelamiento base de datos JIT.pdf,2022-11-28,resultados/Modelamiento_base_de_datos_JIT.pdf-2022-11-28_qKBVfpq.pdf,5
9,1,FlujoDeProcesoCentroDeConciliaciNJIT.pdf,2022-11-28,resultados/FlujoDeProcesoCentroDeConciliaciNJIT.pdf-2022-11-28_MoP9a7s.pdf,5
10,1,Modelamiento base de datos JIT.pdf,2022-11-28,resultados/Modelamiento_base_de_datos_JIT.pdf-2022-11-28_caWmK8H.pdf,6
11,1,FlujoDeProcesoCentroDeConciliaciNJIT.pdf,2022-11-28,resultados/FlujoDeProcesoCentroDeConciliaciNJIT.pdf-2022-11-28_9zwme0G.pdf,6
12,1,Profile (6).pdf,2022-11-28,resultados/Profile_6.pdf-2022-11-28.pdf,7
13,1,Tiempos Modernos - Humanismo.pdf,2022-11-28,resultados/Tiempos_Modernos_-_Humanismo.pdf-2022-11-28.pdf,8
14,1,Constancia.pdf,2022-11-28,resultados/Constancia.pdf-2022-11-28.pdf,8
15,1,Tiempos Modernos - Humanismo.pdf,2022-11-28,resultados/Tiempos_Modernos_-_Humanismo.pdf-2022-11-28_M51JQD9.pdf,9
16,1,Constancia.pdf,2022-11-28,resultados/Constancia.pdf-2022-11-28_cz5TS1I.pdf,9
17,1,Tiempos Modernos - Humanismo.pdf,2022-11-28,resultados/Tiempos_Modernos_-_Humanismo.pdf-2022-11-28_yGhbcuB.pdf,10
18,1,Constancia.pdf,2022-11-28,resultados/Constancia.pdf-2022-11-28_gRrqjxM.pdf,10
19,1,Tiempos Modernos - Humanismo.pdf,2022-11-28,resultados/Tiempos_Modernos_-_Humanismo.pdf-2022-11-28_F8Fb442.pdf,11
20,1,Constancia.pdf,2022-11-28,resultados/Constancia.pdf-2022-11-28_YyJu0TM.pdf,11
21,1,Tiempos Modernos - Humanismo.pdf,2022-11-28,resultados/Tiempos_Modernos_-_Humanismo.pdf-2022-11-28_9ajPNx2.pdf,12
22,1,Constancia.pdf,2022-11-28,resultados/Constancia.pdf-2022-11-28_bZEuAxm.pdf,12
23,1,Modelamiento base de datos JIT.pdf,2022-11-29,resultados/Modelamiento_base_de_datos_JIT.pdf-2022-11-29.pdf,4
24,1,Profile (6).pdf,2022-11-29,resultados/Profile_6.pdf-2022-11-29.pdf,13
25,1,Modelamiento base de datos JIT.pdf,2022-11-29,resultados/Modelamiento_base_de_datos_JIT.pdf-2022-11-29_Uag1Y9Y.pdf,4
26,1,Modelamiento base de datos JIT.pdf,2022-11-29,resultados/Modelamiento_base_de_datos_JIT.pdf-2022-11-29_FKdi8xM.pdf,14
27,1,FlujoDeProcesoCentroDeConciliaciNJIT.pdf,2022-11-29,resultados/FlujoDeProcesoCentroDeConciliaciNJIT.pdf-2022-11-29.pdf,14
28,1,aesthetic-minimal-white-grid-pattern-wallpaper.jpg,2022-11-29,resultados/aesthetic-minimal-white-grid-pattern-wallpaper.jpg-2022-11-29.jpeg,15
29,1,Profile (6).pdf,2022-11-30,resultados/Profile_6.pdf-2022-11-30.pdf,16
30,1,WhatsApp Image 2022-10-05 at 11.51.03 AM (1).jpeg,2022-11-30,resultados/WhatsApp_Image_2022-10-05_at_11.51.03_AM_1.jpeg-2022-11-30.jpeg,16
31,1,Profile (6).pdf,2022-11-30,resultados/Profile_6.pdf-2022-11-30_61oMi9w.pdf,17
32,1,WhatsApp Image 2022-10-05 at 11.51.03 AM (1).jpeg,2022-11-30,resultados/WhatsApp_Image_2022-10-05_at_11.51.03_AM_1.jpeg-2022-11-30_5uru1TY.jpeg,17
33,1,Modelamiento base de datos JIT.pdf,2022-11-30,resultados/Modelamiento_base_de_datos_JIT.pdf-2022-11-30.pdf,4