id,estado,nombres,apellidos,identificacion,fecha_expedicion,lugar_expedicion,fecha_nacimiento,telefono,direccion,ocupacion,celular,correo,tarjeta_profesional,apoderado_id_id,barrio_id_id,ciudad_nacimiento_id_id,escolaridad_id_id,estado_civil_id_id,estrato_socioeconomico_id_id,genero_id_id,grupo_etnico_id_id,perfil_id_id,sexo_id_id,tipo_cargo_id_id,tipo_discapacidad_id_id,tipo_documento_id_id,tipo_persona_id_id,tipo_vivienda_id_id,usuarioId_id
1,1,Julio,urrego,120423098,,,,,,,32122183723,jairo@ugc.edu.co,,11,,,,,1,1,,,1,,,1,,,
2,1,camilo,rios,2022101,2022-11-17,bogota,1999-12-08,,,,32122183723,jairo@ugc.edu.co,,,,3,,,,,,,,,,1,,,
6,1,Felipe,Villamizar,1010074595,,,,,,,32122183723,jairo@ugc.edu.co,,17,,,,,1,1,,,1,,,1,,,
8,1,jairo,urrego,120423098,,,,,,,32122183723,jairo@ugc.edu.co,,17,,,,,1,1,,,1,,,1,,,
9,1,jairo,urrego,120423098,,,,,,,32122183723,jairo@ugc.edu.co,,17,,,,,1,1,,,1,,,1,,,
10,1,camilo,rios,2022101,2022-11-17,bogota,1999-12-08,,,,32122183723,jairo@ugc.edu.co,,,,3,,,,,,,,,,1,,,
11,1,jairo,urrego,120423098,,,,,,,32122183723,jairo@ugc.edu.co,,18,,,,,1,1,,,1,,,1,,,
12,1,camilo,rios,2022101,2022-11-17,bogota,1999-12-08,,,,32122183723,jairo@ugc.edu.co,,,,3,,,,,,,,,,1,,,
13,1,jairo,urrego,120423098,,,,,,,32122183723,jairo@ugc.edu.co,,19,,,,,1,1,,,1,,,1,,,
14,1,camilo,rios,2022101,2022-11-17,bogota,1999-12-08,,,,32122183723,jairo@ugc.edu.co,,,,3,,,,,,,,,,1,,,
15,1,jairo,urrego,120423098,,,,,,,32122183723,jairo@ugc.edu.co,,20,,,,,1,1,,,1,,,1,,,
16,1,camilo,rios,2022101,2022-11-17,bogota,1999-12-08,,,,32122183723,jairo@ugc.edu.co,,,,3,,,,,,,,,,1,,,
17,1,jairo,urrego,120423098,,,,,,,32122183723,jairo@ugc.edu.co,,21,,,,,1,1,,,1,,,1,,,
18,1,camilo,rios,2022101,2022-11-17,bogota,1999-12-08,,,,32122183723,jairo@ugc.edu.co,,,,3,,,,,,,,,,1,,,
19,1,jairo,urrego,120423098,,,,,,,32122183723,jairo@ugc.edu.co,,22,,,,,1,1,,,1,,,1,,,
20,1,camilo,rios,2022101,2022-11-17,bogota,1999-12-08,,,,32122183723,jairo@ugc.edu.co,,,,3,,,,,,,,,,1,,,
21,1,jairo,urrego,120423098,,,,,,,32122183723,jairo@ugc.edu.co,,23,,,,,1,1,,,1,,,1,,,
22,1,camilo,rios,2022101,2022-11-17,bogota,1999-12-08,,,,32122183723,jairo@ugc.edu.co,,,,3,,,,,,,,,,1,,,
23,1,jairo,urrego,120423098,,,,,,,32122183723,jairo@ugc.edu.co,,24,,,,,1,1,,,1,,,1,,,
24,1,camilo,rios,2022101,2022-11-17,bogota,1999-12-08,,,,32122183723,jairo@ugc.edu.co,,,,3,,,,,,,,,,1,,,
25,1,jairo,urrego,120423098,,,,,,,32122183723,jairo@ugc.edu.co,,25,,,,,1,1,,,1,,,1,,,
26,1,camilo,rios,2022101,2022-11-17,bogota,1999-12-08,,,,32122183723,jairo@ugc.edu.co,,,,3,,,,,,,,,,1,,,
27,1,jairo,urrego,120423098,,,,,,,32122183723,jairo@ugc.edu.co,,26,,,,,1,1,,,1,,,1,,,
28,1,camilo,rios,2022101,2022-11-17,bogota,1999-12-08,,,,32122183723,jairo@ugc.edu.co,,,,3,,,,,,,,,,1,,,
29,1,jairo,urrego,120423098,,,,,,,32122183723,jairo@ugc.edu.co,,27,,,,,1,1,,,1,,,1,,,
30,1,camilo,rios,2022101,2022-11-17,bogota,1999-12-08,,,,32122183723,jairo@ugc.edu.co,,,,3,,,,,,,,,,1,,,
31,1,jairo,urrego,120423098,,,,,,,32122183723,jairo@ugc.edu.co,,28,,,,,1,1,,,1,,,1,,,
32,1,camilo,rios,2022101,2022-11-17,bogota,1999-12-08,,,,32122183723,jairo@ugc.edu.co,,,,3,,,,,,,,,,1,,,
33,1,jairo,urrego,120423098,,,,,,,32122183723,jairo@ugc.edu.co,,29,,,,,1,1,,,1,,,1,,,
34,1,camilo,rios,2022101,2022-11-17,bogota,1999-12-08,,,,32122183723,jairo@ugc.edu.co,,,,3,,,,,,,,,,1,,,
35,1,jairo,urrego,120423098,,,,,,,32122183723,jairo@ugc.edu.co,,30,,,,,1,1,,,1,,,1,,,
36,1,camilo,rios,2022101,2022-11-17,bogota,1999-12-08,,,,32122183723,jairo@ugc.edu.co,,,,3,,,,,,,,,,1,,,
37,1,jairo,urrego,120423098,,,,,,,32122183723,jairo@ugc.edu.co,,31,,,,,1,1,,,1,,,1,,,
38,1,camilo,rios,2022101,2022-11-17,bogota,1999-12-08,,,,32122183723,jairo@ugc.edu.co,,,,3,,,,,,,,,,1,,,
39,1,jairo,urrego,120423098,,,,,,,32122183723,jairo@ugc.edu.co,,32,,,,,1,1,,,1,,,1,,,
40,1,camilo,rios,2022101,2022-11-17,bogota,1999-12-08,,,,32122183723,jairo@ugc.edu.co,,,,3,,,,,,,,,,1,,,
41,1,jairo,urrego,120423098,,,,,,,32122183723,jairo@ugc.edu.co,,33,,,,,1,1,,,1,,,1,,,
42,1,camilo,rios,2022101,2022-11-17,bogota,1999-12-08,,,,32122183723,jairo@ugc.edu.co,,,,3,,,,,,,,,,1,,,
43,1,jairo,urrego,120423098,,,,,,,32122183723,jairo@ugc.edu.co,,34,,,,,1,1,,,1,,,1,,,
44,1,camilo,rios,2022101,2022-11-17,bogota,1999-12-08,,,,32122183723,jairo@ugc.edu.co,,,,3,,,,,,,,,,1,,,
45,1,jairo,urrego,120423098,,,,,,,32122183723,jairo@ugc.edu.co,,35,,,,,1,1,,,1,,,1,,,
46,1,camilo,rios,2022101,2022-11-17,bogota,1999-12-08,,,,32122183723,jairo@ugc.edu.co,,,,3,,,,,,,,,,1,,,
47,1,jairo,urrego,120423098,,,,,,,32122183723,jairo@ugc.edu.co,,36,,,,,1,1,,,1,,,1,,,
48,1,camilo,rios,2022101,2022-11-17,bogota,1999-12-08,,,,32122183723,jairo@ugc.edu.co,,,,3,,,,,,,,,,1,,,
49,1,jairo,urrego,120423098,,,,,,,32122183723,jairo@ugc.edu.co,,37,,,,,1,1,,,1,,,1,,,
50,1,camilo,rios,2022101,2022-11-17,bogota,1999-12-08,,,,32122183723,jairo@ugc.edu.co,,,,3,,,,,,,,,,1,,,
51,1,jairo,urrego,120423098,,,,,,,32122183723,jairo@ugc.edu.co,,38,,,,,1,1,,,1,,,1,,,
52,1,camilo,rios,2022101,2022-11-17,bogota,1999-12-08,,,,32122183723,jairo@ugc.edu.co,,,,3,,,,,,,,,,1,,,
53,1,jairo,urrego,120423098,,,,,,,32122183723,jairo@ugc.edu.co,,39,,,,,1,1,,,1,,,1,,,
54,1,camilo,rios,2022101,2022-11-17,bogota,1999-12-08,,,,32122183723,jairo@ugc.edu.co,,,,3,,,,,,,,,,1,,,
55,1,jairo,urrego,120423098,,,,,,,32122183723,jairo@ugc.edu.co,,40,,,,,1,1,,,1,,,1,,,
56,1,camilo,rios,2022101,2022-11-17,bogota,1999-12-08,,,,32122183723,jairo@ugc.edu.co,,,,3,,,,,,,,,,1,,,
57,1,jairo,urrego,120423098,,,,,,,32122183723,jairo@ugc.edu.co,,41,,,,,1,1,,,1,,,1,,,
58,1,camilo,rios,2022101,2022-11-17,bogota,1999-12-08,,,,32122183723,jairo@ugc.edu.co,,,,3,,,,,,,,,,1,,,
59,1,jairo,urrego,120423098,,,,,,,32122183723,jairo@ugc.edu.co,,42,,,,,1,1,,,1,,,1,,,
60,1,camilo,rios,2022101,2022-11-17,bogota,1999-12-08,,,,32122183723,jairo@ugc.edu.co,,,,3,,,,,,,,,,1,,,
61,1,jairo,urrego,120423098,,,,,,,32122183723,jairo@ugc.edu.co,,43,,,,,1,1,,,1,,,1,,,
62,1,camilo,rios,2022101,2022-11-17,bogota,1999-12-08,,,,32122183723,jairo@ugc.edu.co,,,,3,,,,,,,,,,1,,,
63,1,jairo,urrego,120423098,,,,,,,32122183723,jairo@ugc.edu.co,,44,,,,,1,1,,,1,,,1,,,
64,1,camilo,rios,2022101,2022-11-17,bogota,1999-12-08,,,,32122183723,jairo@ugc.edu.co,,,,3,,,,,,,,,,1,,,
65,1,jairo,urrego,120423098,,,,,,,32122183723,jairo@ugc.edu.co,,45,,,,,1,1,,,1,,,1,,,
66,1,camilo,rios,2022101,2022-11-17,bogota,1999-12-08,,,,32122183723,jairo@ugc.edu.co,,,,3,,,,,,,,,,1,,,
67,1,jairo,urrego,120423098,,,,,,,32122183723,jairo@ugc.edu.co,,46,,,,,1,1,,,1,,,1,,,
68,1,camilo,rios,2022101,2022-11-17,bogota,1999-12-08,,,,32122183723,jairo@ugc.edu.co,,,,3,,,,,,,,,,1,,,
69,1,jairo,urrego,120423098,,,,,,,32122183723,jairo@ugc.edu.co,,47,,,,,1,1,,,1,,,1,,,
70,1,camilo,rios,2022101,2022-11-17,bogota,1999-12-08,,,,32122183723,jairo@ugc.edu.co,,,,3,,,,,,,,,,1,,,
71,1,jairo,urrego,120423098,,,,,,,32122183723,jairo@ugc.edu.co,,48,,,,,1,1,,,1,,,1,,,
72,1,camilo,rios,2022101,2022-11-17,bogota,1999-12-08,,,,32122183723,jairo@ugc.edu.co,,,,3,,,,,,,,,,1,,,
73,1,jairo,urrego,120423098,,,,,,,32122183723,jairo@ugc.edu.co,,49,,,,,1,1,,,1,,,1,,,
74,1,camilo,rios,2022101,2022-11-17,bogota,1999-12-08,,,,32122183723,jairo@ugc.edu.co,,,,3,,,,,,,,,,1,,,
75,1,jairo,urrego,120423098,,,,,,,32122183723,jairo@ugc.edu.co,,50,,,,,1,1,,,1,,,1,,,
76,1,camilo,rios,2022101,2022-11-17,bogota,1999-12-08,,,,32122183723,jairo@ugc.edu.co,,,,3,,,,,,,,,,1,,,
77,1,jairo,urrego,120423098,,,,,,,32122183723,jairo@ugc.edu.co,,51,,,,,1,1,,,1,,,1,,,
78,1,camilo,rios,2022101,2022-11-17,bogota,1999-12-08,,,,32122183723,jairo@ugc.edu.co,,,,3,,,,,,,,,,1,,,
79,1,jairo,urrego,120423098,,,,,,,32122183723,jairo@ugc.edu.co,,52,,,,,1,1,,,1,,,1,,,
80,1,camilo,rios,2022101,2022-11-17,bogota,1999-12-08,,,,32122183723,jairo@ugc.edu.co,,,,3,,,,,,,,,,1,,,
81,1,jairo,urrego,120423098,,,,,,,32122183723,jairo@ugc.edu.co,,53,,,,,1,1,,,1,,,1,,,
82,1,camilo,rios,2022101,2022-11-17,bogota,1999-12-08,,,,32122183723,jairo@ugc.edu.co,,,,3,,,,,,,,,,1,,,
83,1,jairo,urrego,120423098,,,,,,,32122183723,jairo@ugc.edu.co,,54,,,,,1,1,,,1,,,1,,,
84,1,camilo,rios,2022101,2022-11-17,bogota,1999-12-08,,,,32122183723,jairo@ugc.edu.co,,,,3,,,,,,,,,,1,,,
85,1,jairo,urrego,120423098,,,,,,,32122183723,jairo@ugc.edu.co,,55,,,,,1,1,,,1,,,1,,,
86,1,camilo,rios,2022101,2022-11-17,bogota,1999-12-08,,,,32122183723,jairo@ugc.edu.co,,,,3,,,,,,,,,,1,,,
87,1,jairo,urrego,120423098,,,,,,,32122183723,jairo@ugc.edu.co,,56,,,,,1,1,,,1,,,1,,,
88,1,camilo,rios,2022101,2022-11-17,bogota,1999-12-08,,,,32122183723,jairo@ugc.edu.co,,,,3,,,,,,,,,,1,,,
89,1,jairo,urrego,120423098,,,,,,,32122183723,jairo@ugc.edu.co,,57,,,,,1,1,,,1,,,1,,,
90,1,camilo,rios,2022101,2022-11-17,bogota,1999-12-08,,,,32122183723,jairo@ugc.edu.co,,,,3,,,,,,,,,,1,,,
91,1,jairo,urrego,120423098,,,,,,,32122183723,jairo@ugc.edu.co,,58,,,,,1,1,,,1,,,1,,,
92,1,camilo,rios,2022101,2022-11-17,bogota,1999-12-08,,,,32122183723,jairo@ugc.edu.co,,,,3,,,,,,,,,,1,,,
93,1,jairo,urrego,120423098,,,,,,,32122183723,jairo@ugc.edu.co,,59,,,,,1,1,,,1,,,1,,,
94,1,camilo,rios,2022101,2022-11-17,bogota,1999-12-08,,,,32122183723,jairo@ugc.edu.co,,,,3,,,,,,,,,,1,,,
95,1,jairo,urrego,120423098,,,,,,,32122183723,jairo@ugc.edu.co,,60,,,,,1,1,,,1,,,1,,,
96,1,camilo,rios,2022101,2022-11-17,bogota,1999-12-08,,,,32122183723,jairo@ugc.edu.co,,,,3,,,,,,,,,,1,,,
97,1,jairo,urrego,120423098,,,,,,,32122183723,jairo@ugc.edu.co,,61,,,,,1,1,,,1,,,1,,,
98,1,camilo,rios,2022101,2022-11-17,bogota,1999-12-08,,,,32122183723,jairo@ugc.edu.co,,,,3,,,,,,,,,,1,,,
99,1,jairo,urrego,120423098,,,,,,,32122183723,jairo@ugc.edu.co,,62,,,,,1,1,,,1,,,1,,,
100,1,camilo,rios,2022101,2022-11-17,bogota,1999-12-08,,,,32122183723,jairo@ugc.edu.co,,,,3,,,,,,,,,,1,,,
101,1,jairo,urrego,120423098,,,,,,,32122183723,jairo@ugc.edu.co,,63,,,,,1,1,,,1,,,1,,,
102,1,camilo,rios,2022101,2022-11-17,bogota,1999-12-08,,,,32122183723,jairo@ugc.edu.co,,,,3,,,,,,,,,,1,,,
103,1,jairo,urrego,120423098,,,,,,,32122183723,jairo@ugc.edu.co,,64,,,,,1,1,,,1,,,1,,,
104,1,camilo,rios,2022101,2022-11-17,bogota,1999-12-08,,,,32122183723,jairo@ugc.edu.co,,,,3,,,,,,,,,,1,,,
105,1,jairo,urrego,120423098,,,,,,,32122183723,jairo@ugc.edu.co,,65,,,,,1,1,,,1,,,1,,,
106,1,camilo,rios,2022101,2022-11-17,bogota,1999-12-08,,,,32122183723,jairo@ugc.edu.co,,,,3,,,,,,,,,,1,,,
107,1,jairo,urrego,120423098,,,,,,,32122183723,jairo@ugc.edu.co,,66,,,,,1,1,,,1,,,1,,,
108,1,camilo,rios,2022101,2022-11-17,bogota,1999-12-08,,,,32122183723,jairo@ugc.edu.co,,,,3,,,,,,,,,,1,,,
109,1,jairo,urrego,120423098,,,,,,,32122183723,jairo@ugc.edu.co,,67,,,,,1,1,,,1,,,1,,,
110,1,camilo,rios,2022101,2022-11-17,bogota,1999-12-08,,,,32122183723,jairo@ugc.edu.co,,,,3,,,,,,,,,,1,,,
111,1,jairo,urrego,120423098,,,,,,,32122183723,jairo@ugc.edu.co,,68,,,,,1,1,,,1,,,1,,,
112,1,camilo,rios,2022101,2022-11-17,bogota,1999-12-08,,,,32122183723,jairo@ugc.edu.co,,,,3,,,,,,,,,,1,,,
113,1,jairo,urrego,120423098,,,,,,,32122183723,jairo@ugc.edu.co,,69,,,,,1,1,,,1,,,1,,,
114,1,camilo,rios,2022101,2022-11-17,bogota,1999-12-08,,,,32122183723,jairo@ugc.edu.co,,,,3,,,,,,,,,,1,,,
115,1,jairo,urrego,120423098,,,,,,,32122183723,jairo@ugc.edu.co,,70,,,,,1,1,,,1,,,1,,,
116,1,camilo,rios,2022101,2022-11-17,bogota,1999-12-08,,,,32122183723,jairo@ugc.edu.co,,,,3,,,,,,,,,,1,,,
117,1,jairo,urrego,120423098,,,,,,,32122183723,jairo@ugc.edu.co,,71,,,,,1,1,,,1,,,1,,,
118,1,camilo,rios,2022101,2022-11-17,bogota,1999-12-08,,,,32122183723,jairo@ugc.edu.co,,,,3,,,,,,,,,,1,,,
119,1,jairo,urrego,120423098,,,,,,,32122183723,jairo@ugc.edu.co,,72,,,,,1,1,,,1,,,1,,,
120,1,camilo,rios,2022101,2022-11-17,bogota,1999-12-08,,,,32122183723,jairo@ugc.edu.co,,,,3,,,,,,,,,,1,,,
121,1,jairo,urrego,120423098,,,,,,,32122183723,jairo@ugc.edu.co,,73,,,,,1,1,,,1,,,1,,,
122,1,camilo,rios,2022101,2022-11-17,bogota,1999-12-08,,,,32122183723,jairo@ugc.edu.co,,,,3,,,,,,,,,,1,,,
123,1,jairo,urrego,120423098,,,,,,,32122183723,jairo@ugc.edu.co,,74,,,,,1,1,,,1,,,1,,,
124,1,camilo,rios,2022101,2022-11-17,bogota,1999-12-08,,,,32122183723,jairo@ugc.edu.co,,,,3,,,,,,,,,,1,,,
125,1,jairo,urrego,120423098,,,,,,,32122183723,jairo@ugc.edu.co,,75,,,,,1,1,,,1,,,1,,,
126,1,camilo,rios,2022101,2022-11-17,bogota,1999-12-08,,,,32122183723,jairo@ugc.edu.co,,,,3,,,,,,,,,,1,,,
127,1,jairo,urrego,120423098,,,,,,,32122183723,jairo@ugc.edu.co,,76,,,,,1,1,,,1,,,1,,,
128,1,camilo,rios,2022101,2022-11-17,bogota,1999-12-08,,,,32122183723,jairo@ugc.edu.co,,,,3,,,,,,,,,,1,,,
129,1,jairo,urrego,120423098,,,,,,,32122183723,jairo@ugc.edu.co,,77,,,,,1,1,,,1,,,1,,,
130,1,camilo,rios,2022101,2022-11-17,bogota,1999-12-08,,,,32122183723,jairo@ugc.edu.co,,,,3,,,,,,,,,,1,,,
131,1,jairo,urrego,120423098,,,,,,,32122183723,jairo@ugc.edu.co,,78,,,,,1,1,,,1,,,1,,,
132,1,camilo,rios,2022101,2022-11-17,bogota,1999-12-08,,,,32122183723,jairo@ugc.edu.co,,,,3,,,,,,,,,,1,,,
133,1,jairo,urrego,120423098,,,,,,,32122183723,jairo@ugc.edu.co,,79,,,,,1,1,,,1,,,1,,,
134,1,camilo,rios,2022101,2022-11-17,bogota,1999-12-08,,,,32122183723,jairo@ugc.edu.co,,,,3,,,,,,,,,,1,,,
135,1,jairo,urrego,120423098,,,,,,,32122183723,jairo@ugc.edu.co,,80,,,,,1,1,,,1,,,1,,,
136,1,camilo,rios,2022101,2022-11-17,bogota,1999-12-08,,,,32122183723,jairo@ugc.edu.co,,,,3,,,,,,,,,,1,,,
137,1,jairo,urrego,120423098,,,,,,,32122183723,jairo@ugc.edu.co,,81,,,,,1,1,,,1,,,1,,,
138,1,camilo,rios,2022101,2022-11-17,bogota,1999-12-08,,,,32122183723,jairo@ugc.edu.co,,,,3,,,,,,,,,,1,,,
139,1,jairo,urrego,120423098,,,,,,,32122183723,jairo@ugc.edu.co,,82,,,,,1,1,,,1,,,1,,,
140,1,camilo,rios,2022101,2022-11-17,bogota,1999-12-08,,,,32122183723,jairo@ugc.edu.co,,,,3,,,,,,,,,,1,,,
141,1,jairo,urrego,120423098,,,,,,,32122183723,jairo@ugc.edu.co,,83,,,,,1,1,,,1,,,1,,,
142,1,camilo,rios,2022101,2022-11-17,bogota,1999-12-08,,,,32122183723,jairo@ugc.edu.co,,,,3,,,,,,,,,,1,,,
143,1,jairo,urrego,120423098,,,,,,,32122183723,jairo@ugc.edu.co,,84,,,,,1,1,,,1,,,1,,,
144,1,camilo,rios,2022101,2022-11-17,bogota,1999-12-08,,,,32122183723,jairo@ugc.edu.co,,,,3,,,,,,,,,,1,,,
145,1,jairo,urrego,120423098,,,,,,,32122183723,jairo@ugc.edu.co,,85,,,,,1,1,,,1,,,1,,,
146,1,camilo,rios,2022101,2022-11-17,bogota,1999-12-08,,,,32122183723,jairo@ugc.edu.co,,,,3,,,,,,,,,,1,,,
147,1,jairo,urrego,120423098,,,,,,,32122183723,jairo@ugc.edu.co,,86,,,,,1,1,,,1,,,1,,,
148,1,camilo,rios,2022101,2022-11-17,bogota,1999-12-08,,,,32122183723,jairo@ugc.edu.co,,,,3,,,,,,,,,,1,,,
149,1,jairo,urrego,120423098,,,,,,,32122183723,jairo@ugc.edu.co,,87,,,,,1,1,,,1,,,1,,,
150,1,camilo,rios,2022101,2022-11-17,bogota,1999-12-08,,,,32122183723,jairo@ugc.edu.co,,,,3,,,,,,,,,,1,,,
151,1,jairo,urrego,120423098,,,,,,,32122183723,jairo@ugc.edu.co,,88,,,,,1,1,,,1,,,1,,,
152,1,camilo,rios,2022101,2022-11-17,bogota,1999-12-08,,,,32122183723,jairo@ugc.edu.co,,,,3,,,,,,,,,,1,,,
153,1,jairo,urrego,120423098,,,,,,,32122183723,jairo@ugc.edu.co,,89,,,,,1,1,,,1,,,1,,,
154,1,camilo,rios,2022101,2022-11-17,bogota,1999-12-08,,,,32122183723,jairo@ugc.edu.co,,,,3,,,,,,,,,,1,,,
155,1,jairo,urrego,120423098,,,,,,,32122183723,jairo@ugc.edu.co,,90,,,,,1,1,,,1,,,1,,,
156,1,camilo,rios,2022101,2022-11-17,bogota,1999-12-08,,,,32122183723,jairo@ugc.edu.co,,,,3,,,,,,,,,,1,,,
157,1,jairo,urrego,120423098,,,,,,,32122183723,jairo@ugc.edu.co,,91,,,,,1,1,,,1,,,1,,,
158,1,camilo,rios,2022101,2022-11-17,bogota,1999-12-08,,,,32122183723,jairo@ugc.edu.co,,,,3,,,,,,,,,,1,,,
159,1,jairo,urrego,120423098,,,,,,,32122183723,jairo@ugc.edu.co,,92,,,,,1,1,,,1,,,1,,,
160,1,camilo,rios,2022101,2022-11-17,bogota,1999-12-08,,,,32122183723,jairo@ugc.edu.co,,,,3,,,,,,,,,,1,,,
161,1,jairo,urrego,120423098,,,,,,,32122183723,jairo@ugc.edu.co,,93,,,,,1,1,,,1,,,1,,,
162,1,camilo,rios,2022101,2022-11-17,bogota,1999-12-08,,,,32122183723,jairo@ugc.edu.co,,,,3,,,,,,,,,,1,,,
163,1,jairo,urrego,120423098,,,,,,,32122183723,jairo@ugc.edu.co,,94,,,,,1,1,,,1,,,1,,,
164,1,camilo,rios,2022101,2022-11-17,bogota,1999-12-08,,,,32122183723,jairo@ugc.edu.co,,,,3,,,,,,,,,,1,,,
165,1,jairo,urrego,120423098,,,,,,,32122183723,jairo@ugc.edu.co,,95,,,,,1,1,,,1,,,1,,,
166,1,camilo,rios,2022101,2022-11-17,bogota,1999-12-08,,,,32122183723,jairo@ugc.edu.co,,,,3,,,,,,,,,,1,,,
167,1,jairo,urrego,120423098,,,,,,,32122183723,jairo@ugc.edu.co,,96,,,,,1,1,,,1,,,1,,,
168,1,camilo,rios,2022101,2022-11-17,bogota,1999-12-08,,,,32122183723,jairo@ugc.edu.co,,,,3,,,,,,,,,,1,,,
169,1,jairo,urrego,120423098,,,,,,,32122183723,jairo@ugc.edu.co,,97,,,,,1,1,,,1,,,1,,,
170,1,camilo,rios,2022101,2022-11-17,bogota,1999-12-08,,,,32122183723,jairo@ugc.edu.co,,,,3,,,,,,,,,,1,,,
171,1,jairo,urrego,120423098,,,,,,,32122183723,jairo@ugc.edu.co,,98,,,,,1,1,,,1,,,1,,,
172,1,camilo,rios,2022101,2022-11-17,bogota,1999-12-08,,,,32122183723,jairo@ugc.edu.co,,,,3,,,,,,,,,,1,,,
173,1,jairo,urrego,120423098,,,,,,,32122183723,jairo@ugc.edu.co,,99,,,,,1,1,,,1,,,1,,,
174,1,camilo,rios,2022101,2022-11-17,bogota,1999-12-08,,,,32122183723,jairo@ugc.edu.co,,,,3,,,,,,,,,,1,,,
175,1,jairo,urrego,120423098,,,,,,,32122183723,jairo@ugc.edu.co,,100,,,,,1,1,,,1,,,1,,,
176,1,camilo,rios,2022101,2022-11-17,bogota,1999-12-08,,,,32122183723,jairo@ugc.edu.co,,,,3,,,,,,,,,,1,,,
177,1,jairo,urrego,120423098,,,,,,,32122183723,jairo@ugc.edu.co,,101,,,,,1,1,,,1,,,1,,,
178,1,camilo,rios,2022101,2022-11-17,bogota,1999-12-08,,,,32122183723,jairo@ugc.edu.co,,,,3,,,,,,,,,,1,,,
179,1,jairo,urrego,120423098,,,,,,,32122183723,jairo@ugc.edu.co,,102,,,,,1,1,,,1,,,1,,,
180,1,camilo,rios,2022101,2022-11-17,bogota,1999-12-08,,,,32122183723,jairo@ugc.edu.co,,,,3,,,,,,,,,,1,,,
181,1,jairo,urrego,120423098,,,,,,,32122183723,jairo@ugc.edu.co,,103,,,,,1,1,,,1,,,1,,,
182,1,camilo,rios,2022101,2022-11-17,bogota,1999-12-08,,,,32122183723,jairo@ugc.edu.co,,,,3,,,,,,,,,,1,,,
183,1,jairo,urrego,120423098,,,,,,,32122183723,jairo@ugc.edu.co,,104,,,,,1,1,,,1,,,1,,,
184,1,camilo,rios,2022101,2022-11-17,bogota,1999-12-08,,,,32122183723,jairo@ugc.edu.co,,,,3,,,,,,,,,,1,,,
185,1,jairo,urrego,120423098,,,,,,,32122183723,jairo@ugc.edu.co,,105,,,,,1,1,,,1,,,1,,,
186,1,camilo,rios,2022101,2022-11-17,bogota,1999-12-08,,,,32122183723,jairo@ugc.edu.co,,,,3,,,,,,,,,,1,,,
187,1,jairo,urrego,120423098,,,,,,,32122183723,jairo@ugc.edu.co,,106,,,,,1,1,,,1,,,1,,,
188,1,camilo,rios,2022101,2022-11-17,bogota,1999-12-08,,,,32122183723,jairo@ugc.edu.co,,,,3,,,,,,,,,,1,,,
189,1,jairo,urrego,120423098,,,,,,,32122183723,jairo@ugc.edu.co,,107,,,,,1,1,,,1,,,1,,,
190,1,camilo,rios,2022101,2022-11-17,bogota,1999-12-08,,,,32122183723,jairo@ugc.edu.co,,,,3,,,,,,,,,,1,,,
191,1,jairo,urrego,120423098,,,,,,,32122183723,jairo@ugc.edu.co,,108,,,,,1,1,,,1,,,1,,,
192,1,camilo,rios,2022101,2022-11-17,bogota,1999-12-08,,,,32122183723,jairo@ugc.edu.co,,,,3,,,,,,,,,,1,,,
193,1,jairo,urrego,120423098,,,,,,,32122183723,jairo@ugc.edu.co,,109,,,,,1,1,,,1,,,1,,,
194,1,camilo,rios,2022101,2022-11-17,bogota,1999-12-08,,,,32122183723,jairo@ugc.edu.co,,,,3,,,,,,,,,,1,,,
195,1,jairo,urrego,120423098,,,,,,,32122183723,jairo@ugc.edu.co,,110,,,,,1,1,,,1,,,1,,,
196,1,camilo,rios,2022101,2022-11-17,bogota,1999-12-08,,,,32122183723,jairo@ugc.edu.co,,,,3,,,,,,,,,,1,,,
197,1,jairo,urrego,120423098,,,,,,,32122183723,jairo@ugc.edu.co,,111,,,,,1,1,,,1,,,1,,,
198,1,camilo,rios,2022101,2022-11-17,bogota,1999-12-08,,,,32122183723,jairo@ugc.edu.co,,,,3,,,,,,,,,,1,,,
199,1,jairo,urrego,120423098,,,,,,,32122183723,jairo@ugc.edu.co,,112,,,,,1,1,,,1,,,1,,,
200,1,camilo,rios,2022101,2022-11-17,bogota,1999-12-08,,,,32122183723,jairo@ugc.edu.co,,,,3,,,,,,,,,,1,,,
201,1,jairo,urrego,120423098,,,,,,,32122183723,jairo@ugc.edu.co,,113,,,,,1,1,,,1,,,1,,,
202,1,camilo,rios,2022101,2022-11-17,bogota,1999-12-08,,,,32122183723,jairo@ugc.edu.co,,,,3,,,,,,,,,,1,,,
203,1,jairo,urrego,120423098,,,,,,,32122183723,jairo@ugc.edu.co,,114,,,,,1,1,,,1,,,1,,,
204,1,camilo,rios,2022101,2022-11-17,bogota,1999-12-08,,,,32122183723,jairo@ugc.edu.co,,,,3,,,,,,,,,,1,,,
205,1,jairo,urrego,120423098,,,,,,,32122183723,jairo@ugc.edu.co,,115,,,,,1,1,,,1,,,1,,,
206,1,camilo,rios,2022101,2022-11-17,bogota,1999-12-08,,,,32122183723,jairo@ugc.edu.co,,,,3,,,,,,,,,,1,,,
207,1,jairo,urrego,120423098,,,,,,,32122183723,jairo@ugc.edu.co,,116,,,,,1,1,,,1,,,1,,,
208,1,camilo,rios,2022101,2022-11-17,bogota,1999-12-08,,,,32122183723,jairo@ugc.edu.co,,,,3,,,,,,,,,,1,,,
209,1,jairo,urrego,120423098,,,,,,,32122183723,jairo@ugc.edu.co,,117,,,,,1,1,,,1,,,1,,,
210,1,camilo,rios,2022101,2022-11-17,bogota,1999-12-08,,,,32122183723,jairo@ugc.edu.co,,,,3,,,,,,,,,,1,,,
211,1,jairo,urrego,120423098,,,,,,,32122183723,jairo@ugc.edu.co,,118,,,,,1,1,,,1,,,1,,,
212,1,camilo,rios,2022101,2022-11-17,bogota,1999-12-08,,,,32122183723,jairo@ugc.edu.co,,,,3,,,,,,,,,,1,,,
213,1,jairo,urrego,120423098,,,,,,,32122183723,jairo@ugc.edu.co,,119,,,,,1,1,,,1,,,1,,,
214,1,camilo,rios,2022101,2022-11-17,bogota,1999-12-08,,,,32122183723,jairo@ugc.edu.co,,,,3,,,,,,,,,,1,,,
215,1,jairo,urrego,120423098,,,,,,,32122183723,jairo@ugc.edu.co,,120,,,,,1,1,,,1,,,1,,,
216,1,camilo,rios,2022101,2022-11-17,bogota,1999-12-08,,,,32122183723,jairo@ugc.edu.co,,,,3,,,,,,,,,,1,,,
217,1,jairo,urrego,120423098,,,,,,,32122183723,jairo@ugc.edu.co,,121,,,,,1,1,,,1,,,1,,,
218,1,camilo,rios,2022101,2022-11-17,bogota,1999-12-08,,,,32122183723,jairo@ugc.edu.co,,,,3,,,,,,,,,,1,,,
219,1,jairo,urrego,120423098,,,,,,,32122183723,jairo@ugc.edu.co,,122,,,,,1,1,,,1,,,1,,,
220,1,camilo,rios,2022101,2022-11-17,bogota,1999-12-08,,,,32122183723,jairo@ugc.edu.co,,,,3,,,,,,,,,,1,,,
221,1,jairo,urrego,120423098,,,,,,,32122183723,jairo@ugc.edu.co,,123,,,,,1,1,,,1,,,1,,,
222,1,camilo,rios,2022101,2022-11-17,bogota,1999-12-08,,,,32122183723,jairo@ugc.edu.co,,,,3,,,,,,,,,,1,,,
223,1,jairo,urrego,120423098,,,,,,,32122183723,jairo@ugc.edu.co,,124,,,,,1,1,,,1,,,1,,,
224,1,camilo,rios,2022101,2022-11-17,bogota,1999-12-08,,,,32122183723,jairo@ugc.edu.co,,,,3,,,,,,,,,,1,,,
225,1,jairo,urrego,120423098,,,,,,,32122183723,jairo@ugc.edu.co,,125,,,,,1,1,,,1,,,1,,,
226,1,camilo,rios,2022101,2022-11-17,bogota,1999-12-08,,,,32122183723,jairo@ugc.edu.co,,,,3,,,,,,,,,,1,,,
227,1,jairo,urrego,120423098,,,,,,,32122183723,jairo@ugc.edu.co,,126,,,,,1,1,,,1,,,1,,,
228,1,camilo,rios,2022101,2022-11-17,bogota,1999-12-08,,,,32122183723,jairo@ugc.edu.co,,,,3,,,,,,,,,,1,,,
229,1,jairo,urrego,120423098,,,,,,,32122183723,jairo@ugc.edu.co,,127,,,,,1,1,,,1,,,1,,,
230,1,camilo,rios,2022101,2022-11-17,bogota,1999-12-08,,,,32122183723,jairo@ugc.edu.co,,,,3,,,,,,,,,,1,,,
231,1,jairo,urrego,120423098,,,,,,,32122183723,jairo@ugc.edu.co,,128,,,,,1,1,,,1,,,1,,,
232,1,camilo,rios,2022101,2022-11-17,bogota,1999-12-08,,,,32122183723,jairo@ugc.edu.co,,,,3,,,,,,,,,,1,,,
233,1,jairo,urrego,120423098,,,,,,,32122183723,jairo@ugc.edu.co,,129,,,,,1,1,,,1,,,1,,,
234,1,camilo,rios,2022101,2022-11-17,bogota,1999-12-08,,,,32122183723,jairo@ugc.edu.co,,,,3,,,,,,,,,,1,,,
235,1,jairo,urrego,120423098,,,,,,,32122183723,jairo@ugc.edu.co,,130,,,,,1,1,,,1,,,1,,,
236,1,camilo,rios,2022101,2022-11-17,bogota,1999-12-08,,,,32122183723,jairo@ugc.edu.co,,,,3,,,,,,,,,,1,,,
237,1,jairo,urrego,120423098,,,,,,,32122183723,jairo@ugc.edu.co,,131,,,,,1,1,,,1,,,1,,,
238,1,camilo,rios,2022101,2022-11-17,bogota,1999-12-08,,,,32122183723,jairo@ugc.edu.co,,,,3,,,,,,,,,,1,,,
239,1,jairo,urrego,120423098,,,,,,,32122183723,jairo@ugc.edu.co,,132,,,,,1,1,,,1,,,1,,,
240,1,camilo,rios,2022101,2022-11-17,bogota,1999-12-08,,,,32122183723,jairo@ugc.edu.co,,,,3,,,,,,,,,,1,,,
241,1,jairo,urrego,120423098,,,,,,,32122183723,jairo@ugc.edu.co,,133,,,,,1,1,,,1,,,1,,,
242,1,camilo,rios,2022101,2022-11-17,bogota,1999-12-08,,,,32122183723,jairo@ugc.edu.co,,,,3,,,,,,,,,,1,,,
243,1,jairo,urrego,120423098,,,,,,,32122183723,jairo@ugc.edu.co,,134,,,,,1,1,,,1,,,1,,,
244,1,camilo,rios,2022101,2022-11-17,bogota,1999-12-08,,,,32122183723,jairo@ugc.edu.co,,,,3,,,,,,,,,,1,,,
245,1,jairo,urrego,120423098,,,,,,,32122183723,jairo@ugc.edu.co,,135,,,,,1,1,,,1,,,1,,,
246,1,camilo,rios,2022101,2022-11-17,bogota,1999-12-08,,,,32122183723,jairo@ugc.edu.co,,,,3,,,,,,,,,,1,,,
247,1,jairo,urrego,120423098,,,,,,,32122183723,jairo@ugc.edu.co,,136,,,,,1,1,,,1,,,1,,,
248,1,camilo,rios,2022101,2022-11-17,bogota,1999-12-08,,,,32122183723,jairo@ugc.edu.co,,,,3,,,,,,,,,,1,,,
249,1,jairo,urrego,120423098,,,,,,,32122183723,jairo@ugc.edu.co,,137,,,,,1,1,,,1,,,1,,,
250,1,camilo,rios,2022101,2022-11-17,bogota,1999-12-08,,,,32122183723,jairo@ugc.edu.co,,,,3,,,,,,,,,,1,,,
251,1,jairo,urrego,120423098,,,,,,,32122183723,jairo@ugc.edu.co,,138,,,,,1,1,,,1,,,1,,,
252,1,camilo,rios,2022101,2022-11-17,bogota,1999-12-08,,,,32122183723,jairo@ugc.edu.co,,,,3,,,,,,,,,,1,,,
253,1,jairo,urrego,120423098,,,,,,,32122183723,jairo@ugc.edu.co,,139,,,,,1,1,,,1,,,1,,,
254,1,camilo,rios,2022101,2022-11-17,bogota,1999-12-08,,,,32122183723,jairo@ugc.edu.co,,,,3,,,,,,,,,,1,,,
255,1,jairo,urrego,120423098,,,,,,,32122183723,jairo@ugc.edu.co,,140,,,,,1,1,,,1,,,1,,,
256,1,camilo,rios,2022101,2022-11-17,bogota,1999-12-08,,,,32122183723,jairo@ugc.edu.co,,,,3,,,,,,,,,,1,,,
257,1,jairo,urrego,120423098,,,,,,,32122183723,jairo@ugc.edu.co,,141,,,,,1,1,,,1,,,1,,,
258,1,camilo,rios,2022101,2022-11-17,bogota,1999-12-08,,,,32122183723,jairo@ugc.edu.co,,,,3,,,,,,,,,,1,,,
259,1,jairo,urrego,120423098,,,,,,,32122183723,jairo@ugc.edu.co,,142,,,,,1,1,,,1,,,1,,,
260,1,camilo,rios,2022101,2022-11-17,bogota,1999-12-08,,,,32122183723,jairo@ugc.edu.co,,,,3,,,,,,,,,,1,,,
261,1,jairo,urrego,120423098,,,,,,,32122183723,jairo@ugc.edu.co,,143,,,,,1,1,,,1,,,1,,,
262,1,camilo,rios,2022101,2022-11-17,bogota,1999-12-08,,,,32122183723,jairo@ugc.edu.co,,,,3,,,,,,,,,,1,,,
263,1,jairo,urrego,120423098,,,,,,,32122183723,jairo@ugc.edu.co,,144,,,,,1,1,,,1,,,1,,,
264,1,camilo,rios,2022101,2022-11-17,bogota,1999-12-08,,,,32122183723,jairo@ugc.edu.co,,,,3,,,,,,,,,,1,,,
265,1,jairo,urrego,120423098,,,,,,,32122183723,jairo@ugc.edu.co,,145,,,,,1,1,,,1,,,1,,,
266,1,camilo,rios,2022101,2022-11-17,bogota,1999-12-08,,,,32122183723,jairo@ugc.edu.co,,,,3,,,,,,,,,,1,,,
267,1,jairo,urrego,120423098,,,,,,,32122183723,jairo@ugc.edu.co,,146,,,,,1,1,,,1,,,1,,,
268,1,camilo,rios,2022101,2022-11-17,bogota,1999-12-08,,,,32122183723,jairo@ugc.edu.co,,,,3,,,,,,,,,,1,,,
269,1,jairo,urrego,120423098,,,,,,,32122183723,jairo@ugc.edu.co,,147,,,,,1,1,,,1,,,1,,,
270,1,camilo,rios,2022101,2022-11-17,bogota,1999-12-08,,,,32122183723,jairo@ugc.edu.co,,,,3,,,,,,,,,,1,,,
271,1,jairo,urrego,120423098,,,,,,,32122183723,jairo@ugc.edu.co,,148,,,,,1,1,,,1,,,1,,,
272,1,camilo,rios,2022101,2022-11-17,bogota,1999-12-08,,,,32122183723,jairo@ugc.edu.co,,,,3,,,,,,,,,,1,,,
273,1,jairo,urrego,120423098,,,,,,,32122183723,jairo@ugc.edu.co,,149,,,,,1,1,,,1,,,1,,,
274,1,camilo,rios,2022101,2022-11-17,bogota,1999-12-08,,,,32122183723,jairo@ugc.edu.co,,,,3,,,,,,,,,,1,,,
275,1,jairo,urrego,120423098,,,,,,,32122183723,jairo@ugc.edu.co,,150,,,,,1,1,,,1,,,1,,,
276,1,camilo,rios,2022101,2022-11-17,bogota,1999-12-08,,,,32122183723,jairo@ugc.edu.co,,,,3,,,,,,,,,,1,,,
277,1,jairo,urrego,120423098,,,,,,,32122183723,jairo@ugc.edu.co,,151,,,,,1,1,,,1,,,1,,,
278,1,camilo,rios,2022101,2022-11-17,bogota,1999-12-08,,,,32122183723,jairo@ugc.edu.co,,,,3,,,,,,,,,,1,,,
279,1,jairo,urrego,120423098,,,,,,,32122183723,jairo@ugc.edu.co,,152,,,,,1,1,,,1,,,1,,,
280,1,camilo,rios,2022101,2022-11-17,bogota,1999-12-08,,,,32122183723,jairo@ugc.edu.co,,,,3,,,,,,,,,,1,,,
281,1,jairo,urrego,120423098,,,,,,,32122183723,jairo@ugc.edu.co,,153,,,,,1,1,,,1,,,1,,,
282,1,camilo,rios,2022101,2022-11-17,bogota,1999-12-08,,,,32122183723,jairo@ugc.edu.co,,,,3,,,,,,,,,,1,,,
283,1,jairo,urrego,120423098,,,,,,,32122183723,jairo@ugc.edu.co,,154,,,,,1,1,,,1,,,1,,,
284,1,camilo,rios,2022101,2022-11-17,bogota,1999-12-08,,,,32122183723,jairo@ugc.edu.co,,,,3,,,,,,,,,,1,,,
285,1,jairo,urrego,120423098,,,,,,,32122183723,jairo@ugc.edu.co,,155,,,,,1,1,,,1,,,1,,,
286,1,camilo,rios,2022101,2022-11-17,bogota,1999-12-08,,,,32122183723,jairo@ugc.edu.co,,,,3,,,,,,,,,,1,,,
287,1,jairo,urrego,120423098,,,,,,,32122183723,jairo@ugc.edu.co,,156,,,,,1,1,,,1,,,1,,,
288,1,camilo,rios,2022101,2022-11-17,bogota,1999-12-08,,,,32122183723,jairo@ugc.edu.co,,,,3,,,,,,,,,,1,,,
289,1,jairo,urrego,120423098,,,,,,,32122183723,jairo@ugc.edu.co,,157,,,,,1,1,,,1,,,1,,,
290,1,camilo,rios,2022101,2022-11-17,bogota,1999-12-08,,,,32122183723,jairo@ugc.edu.co,,,,3,,,,,,,,,,1,,,
291,1,jairo,urrego,120423098,,,,,,,32122183723,jairo@ugc.edu.co,,158,,,,,1,1,,,1,,,1,,,
292,1,camilo,rios,2022101,2022-11-17,bogota,1999-12-08,,,,32122183723,jairo@ugc.edu.co,,,,3,,,,,,,,,,1,,,
293,1,jairo,urrego,120423098,,,,,,,32122183723,jairo@ugc.edu.co,,159,,,,,1,1,,,1,,,1,,,
294,1,camilo,rios,2022101,2022-11-17,bogota,1999-12-08,,,,32122183723,jairo@ugc.edu.co,,,,3,,,,,,,,,,1,,,
295,1,jairo,urrego,120423098,,,,,,,32122183723,jairo@ugc.edu.co,,160,,,,,1,1,,,1,,,1,,,
296,1,camilo,rios,2022101,2022-11-17,bogota,1999-12-08,,,,32122183723,jairo@ugc.edu.co,,,,3,,,,,,,,,,1,,,
297,1,jairo,urrego,120423098,,,,,,,32122183723,jairo@ugc.edu.co,,161,,,,,1,1,,,1,,,1,,,
298,1,camilo,rios,2022101,2022-11-17,bogota,1999-12-08,,,,32122183723,jairo@ugc.edu.co,,,,3,,,,,,,,,,1,,,
299,1,jairo,urrego,120423098,,,,,,,32122183723,jairo@ugc.edu.co,,162,,,,,1,1,,,1,,,1,,,
300,1,camilo,rios,2022101,2022-11-17,bogota,1999-12-08,,,,32122183723,jairo@ugc.edu.co,,,,3,,,,,,,,,,1,,,
301,1,jairo,urrego,120423098,,,,,,,32122183723,jairo@ugc.edu.co,,163,,,,,1,1,,,1,,,1,,,
302,1,camilo,rios,2022101,2022-11-17,bogota,1999-12-08,,,,32122183723,jairo@ugc.edu.co,,,,3,,,,,,,,,,1,,,
303,1,jairo,urrego,120423098,,,,,,,32122183723,jairo@ugc.edu.co,,164,,,,,1,1,,,1,,,1,,,
304,1,camilo,rios,2022101,2022-11-17,bogota,1999-12-08,,,,32122183723,jairo@ugc.edu.co,,,,3,,,,,,,,,,1,,,
305,1,jairo,urrego,120423098,,,,,,,32122183723,jairo@ugc.edu.co,,165,,,,,1,1,,,1,,,1,,,
306,1,camilo,rios,2022101,2022-11-17,bogota,1999-12-08,,,,32122183723,jairo@ugc.edu.co,,,,3,,,,,,,,,,1,,,
307,1,jairo,urrego,120423098,,,,,,,32122183723,jairo@ugc.edu.co,,166,,,,,1,1,,,1,,,1,,,
308,1,camilo,rios,2022101,2022-11-17,bogota,1999-12-08,,,,32122183723,jairo@ugc.edu.co,,,,3,,,,,,,,,,1,,,
309,1,jairo,urrego,120423098,,,,,,,32122183723,jairo@ugc.edu.co,,167,,,,,1,1,,,1,,,1,,,
310,1,camilo,rios,2022101,2022-11-17,bogota,1999-12-08,,,,32122183723,jairo@ugc.edu.co,,,,3,,,,,,,,,,1,,,
311,1,jairo,urrego,120423098,,,,,,,32122183723,jairo@ugc.edu.co,,168,,,,,1,1,,,1,,,1,,,
312,1,camilo,rios,2022101,2022-11-17,bogota,1999-12-08,,,,32122183723,jairo@ugc.edu.co,,,,3,,,,,,,,,,1,,,
313,1,jairo,urrego,120423098,,,,,,,32122183723,jairo@ugc.edu.co,,169,,,,,1,1,,,1,,,1,,,
314,1,camilo,rios,2022101,2022-11-17,bogota,1999-12-08,,,,32122183723,jairo@ugc.edu.co,,,,3,,,,,,,,,,1,,,
315,1,jairo,urrego,120423098,,,,,,,32122183723,jairo@ugc.edu.co,,170,,,,,1,1,,,1,,,1,,,
316,1,camilo,rios,2022101,2022-11-17,bogota,1999-12-08,,,,32122183723,jairo@ugc.edu.co,,,,3,,,,,,,,,,1,,,
317,1,jairo,urrego,120423098,,,,,,,32122183723,jairo@ugc.edu.co,,171,,,,,1,1,,,1,,,1,,,
318,1,camilo,rios,2022101,2022-11-17,bogota,1999-12-08,,,,32122183723,jairo@ugc.edu.co,,,,3,,,,,,,,,,1,,,
319,1,jairo,urrego,120423098,,,,,,,32122183723,jairo@ugc.edu.co,,172,,,,,1,1,,,1,,,1,,,
320,1,camilo,rios,2022101,2022-11-17,bogota,1999-12-08,,,,32122183723,jairo@ugc.edu.co,,,,3,,,,,,,,,,1,,,
321,1,jairo,urrego,120423098,,,,,,,32122183723,jairo@ugc.edu.co,,173,,,,,1,1,,,1,,,1,,,
322,1,camilo,rios,2022101,2022-11-17,bogota,1999-12-08,,,,32122183723,jairo@ugc.edu.co,,,,3,,,,,,,,,,1,,,
323,1,jairo,urrego,120423098,,,,,,,32122183723,jairo@ugc.edu.co,,174,,,,,1,1,,,1,,,1,,,
324,1,camilo,rios,2022101,2022-11-17,bogota,1999-12-08,,,,32122183723,jairo@ugc.edu.co,,,,3,,,,,,,,,,1,,,
325,1,jairo,urrego,120423098,,,,,,,32122183723,jairo@ugc.edu.co,,175,,,,,1,1,,,1,,,1,,,
326,1,camilo,rios,2022101,2022-11-17,bogota,1999-12-08,,,,32122183723,jairo@ugc.edu.co,,,,3,,,,,,,,,,1,,,
327,1,jairo,urrego,120423098,,,,,,,32122183723,jairo@ugc.edu.co,,176,,,,,1,1,,,1,,,1,,,
328,1,camilo,rios,2022101,2022-11-17,bogota,1999-12-08,,,,32122183723,jairo@ugc.edu.co,,,,3,,,,,,,,,,1,,,
329,1,jairo,urrego,120423098,,,,,,,32122183723,jairo@ugc.edu.co,,177,,,,,1,1,,,1,,,1,,,
330,1,camilo,rios,2022101,2022-11-17,bogota,1999-12-08,,,,32122183723,jairo@ugc.edu.co,,,,3,,,,,,,,,,1,,,
331,1,jairo,urrego,120423098,,,,,,,32122183723,jairo@ugc.edu.co,,178,,,,,1,1,,,1,,,1,,,
332,1,camilo,rios,2022101,2022-11-17,bogota,1999-12-08,,,,32122183723,jairo@ugc.edu.co,,,,3,,,,,,,,,,1,,,
333,1,jairo,urrego,120423098,,,,,,,32122183723,jairo@ugc.edu.co,,179,,,,,1,1,,,1,,,1,,,
334,1,camilo,rios,2022101,2022-11-17,bogota,1999-12-08,,,,32122183723,jairo@ugc.edu.co,,,,3,,,,,,,,,,1,,,
335,1,jairo,urrego,120423098,,,,,,,32122183723,jairo@ugc.edu.co,,180,,,,,1,1,,,1,,,1,,,
336,1,camilo,rios,2022101,2022-11-17,bogota,1999-12-08,,,,32122183723,jairo@ugc.edu.co,,,,3,,,,,,,,,,1,,,
337,1,jairo,urrego,120423098,,,,,,,32122183723,jairo@ugc.edu.co,,181,,,,,1,1,,,1,,,1,,,
338,1,camilo,rios,2022101,2022-11-17,bogota,1999-12-08,,,,32122183723,jairo@ugc.edu.co,,,,3,,,,,,,,,,1,,,
339,1,jairo,urrego,120423098,,,,,,,32122183723,jairo@ugc.edu.co,,182,,,,,1,1,,,1,,,1,,,
340,1,camilo,rios,2022101,2022-11-17,bogota,1999-12-08,,,,32122183723,jairo@ugc.edu.co,,,,3,,,,,,,,,,1,,,
341,1,jairo,urrego,120423098,,,,,,,32122183723,jairo@ugc.edu.co,,183,,,,,1,1,,,1,,,1,,,
342,1,camilo,rios,2022101,2022-11-17,bogota,1999-12-08,,,,32122183723,jairo@ugc.edu.co,,,,3,,,,,,,,,,1,,,
343,1,jairo,urrego,120423098,,,,,,,32122183723,jairo@ugc.edu.co,,184,,,,,1,1,,,1,,,1,,,
344,1,camilo,rios,2022101,2022-11-17,bogota,1999-12-08,,,,32122183723,jairo@ugc.edu.co,,,,3,,,,,,,,,,1,,,
345,1,jairo,urrego,120423098,,,,,,,32122183723,jairo@ugc.edu.co,,185,,,,,1,1,,,1,,,1,,,
346,1,camilo,rios,2022101,2022-11-17,bogota,1999-12-08,,,,32122183723,jairo@ugc.edu.co,,,,3,,,,,,,,,,1,,,
347,1,jairo,urrego,120423098,,,,,,,32122183723,jairo@ugc.edu.co,,186,,,,,1,1,,,1,,,1,,,
348,1,camilo,rios,2022101,2022-11-17,bogota,1999-12-08,,,,32122183723,jairo@ugc.edu.co,,,,3,,,,,,,,,,1,,,
349,1,jairo,urrego,120423098,,,,,,,32122183723,jairo@ugc.edu.co,,187,,,,,1,1,,,1,,,1,,,
350,1,camilo,rios,2022101,2022-11-17,bogota,1999-12-08,,,,32122183723,jairo@ugc.edu.co,,,,3,,,,,,,,,,1,,,
351,1,jairo,urrego,120423098,,,,,,,32122183723,jairo@ugc.edu.co,,188,,,,,1,1,,,1,,,1,,,
352,1,camilo,rios,2022101,2022-11-17,bogota,1999-12-08,,,,32122183723,jairo@ugc.edu.co,,,,3,,,,,,,,,,1,,,
353,1,jairo,urrego,120423098,,,,,,,32122183723,jairo@ugc.edu.co,,189,,,,,1,1,,,1,,,1,,,
354,1,camilo,rios,2022101,2022-11-17,bogota,1999-12-08,,,,32122183723,jairo@ugc.edu.co,,,,3,,,,,,,,,,1,,,
355,1,jairo,urrego,120423098,,,,,,,32122183723,jairo@ugc.edu.co,,190,,,,,1,1,,,1,,,1,,,
356,1,camilo,rios,2022101,2022-11-17,bogota,1999-12-08,,,,32122183723,jairo@ugc.edu.co,,,,3,,,,,,,,,,1,,,
357,1,jairo,urrego,120423098,,,,,,,32122183723,jairo@ugc.edu.co,,191,,,,,1,1,,,1,,,1,,,
358,1,camilo,rios,2022101,2022-11-17,bogota,1999-12-08,,,,32122183723,jairo@ugc.edu.co,,,,3,,,,,,,,,,1,,,
359,1,jairo,urrego,120423098,,,,,,,32122183723,jairo@ugc.edu.co,,192,,,,,1,1,,,1,,,1,,,
360,1,camilo,rios,2022101,2022-11-17,bogota,1999-12-08,,,,32122183723,jairo@ugc.edu.co,,,,3,,,,,,,,,,1,,,
361,1,jairo,urrego,120423098,,,,,,,32122183723,jairo@ugc.edu.co,,193,,,,,1,1,,,1,,,1,,,
362,1,camilo,rios,2022101,2022-11-17,bogota,1999-12-08,,,,32122183723,jairo@ugc.edu.co,,,,3,,,,,,,,,,1,,,
363,1,jairo,urrego,120423098,,,,,,,32122183723,jairo@ugc.edu.co,,194,,,,,1,1,,,1,,,1,,,
364,1,camilo,rios,2022101,2022-11-17,bogota,1999-12-08,,,,32122183723,jairo@ugc.edu.co,,,,3,,,,,,,,,,1,,,
365,1,jairo,urrego,120423098,,,,,,,32122183723,jairo@ugc.edu.co,,195,,,,,1,1,,,1,,,1,,,
366,1,camilo,rios,2022101,2022-11-17,bogota,1999-12-08,,,,32122183723,jairo@ugc.edu.co,,,,3,,,,,,,,,,1,,,
367,1,jairo,urrego,120423098,,,,,,,32122183723,jairo@ugc.edu.co,,196,,,,,1,1,,,1,,,1,,,
368,1,camilo,rios,2022101,2022-11-17,bogota,1999-12-08,,,,32122183723,jairo@ugc.edu.co,,,,3,,,,,,,,,,1,,,
369,1,jairo,urrego,120423098,,,,,,,32122183723,jairo@ugc.edu.co,,197,,,,,1,1,,,1,,,1,,,
370,1,camilo,rios,2022101,2022-11-17,bogota,1999-12-08,,,,32122183723,jairo@ugc.edu.co,,,,3,,,,,,,,,,1,,,
371,1,jairo,urrego,120423098,,,,,,,32122183723,jairo@ugc.edu.co,,198,,,,,1,1,,,1,,,1,,,
372,1,camilo,rios,2022101,2022-11-17,bogota,1999-12-08,,,,32122183723,jairo@ugc.edu.co,,,,3,,,,,,,,,,1,,,
373,1,jairo,urrego,120423098,,,,,,,32122183723,jairo@ugc.edu.co,,199,,,,,1,1,,,1,,,1,,,
374,1,camilo,rios,2022101,2022-11-17,bogota,1999-12-08,,,,32122183723,jairo@ugc.edu.co,,,,3,,,,,,,,,,1,,,
375,1,jairo,urrego,120423098,,,,,,,32122183723,jairo@ugc.edu.co,,200,,,,,1,1,,,1,,,1,,,
376,1,camilo,rios,2022101,2022-11-17,bogota,1999-12-08,,,,32122183723,jairo@ugc.edu.co,,,,3,,,,,,,,,,1,,,
377,1,jairo,urrego,120423098,,,,,,,32122183723,jairo@ugc.edu.co,,201,,,,,1,1,,,1,,,1,,,
378,1,camilo,rios,2022101,2022-11-17,bogota,1999-12-08,,,,32122183723,jairo@ugc.edu.co,,,,3,,,,,,,,,,1,,,
379,1,jairo,urrego,120423098,,,,,,,32122183723,jairo@ugc.edu.co,,202,,,,,1,1,,,1,,,1,,,
380,1,camilo,rios,2022101,2022-11-17,bogota,1999-12-08,,,,32122183723,jairo@ugc.edu.co,,,,3,,,,,,,,,,1,,,
381,1,jairo,urrego,120423098,,,,,,,32122183723,jairo@ugc.edu.co,,203,,,,,1,1,,,1,,,1,,,
382,1,camilo,rios,2022101,2022-11-17,bogota,1999-12-08,,,,32122183723,jairo@ugc.edu.co,,,,3,,,,,,,,,,1,,,
383,1,jairo,urrego,120423098,,,,,,,32122183723,jairo@ugc.edu.co,,204,,,,,1,1,,,1,,,1,,,
384,1,camilo,rios,2022101,2022-11-17,bogota,1999-12-08,,,,32122183723,jairo@ugc.edu.co,,,,3,,,,,,,,,,1,,,
385,1,jairo,urrego,120423098,,,,,,,32122183723,jairo@ugc.edu.co,,205,,,,,1,1,,,1,,,1,,,
386,1,camilo,rios,2022101,2022-11-17,bogota,1999-12-08,,,,32122183723,jairo@ugc.edu.co,,,,3,,,,,,,,,,1,,,
387,1,jairo,urrego,120423098,,,,,,,32122183723,jairo@ugc.edu.co,,206,,,,,1,1,,,1,,,1,,,
388,1,camilo,rios,2022101,2022-11-17,bogota,1999-12-08,,,,32122183723,jairo@ugc.edu.co,,,,3,,,,,,,,,,1,,,
389,1,jairo,urrego,120423098,,,,,,,32122183723,jairo@ugc.edu.co,,207,,,,,1,1,,,1,,,1,,,
390,1,camilo,rios,2022101,2022-11-17,bogota,1999-12-08,,,,32122183723,jairo@ugc.edu.co,,,,3,,,,,,,,,,1,,,
391,1,jairo,urrego,120423098,,,,,,,32122183723,jairo@ugc.edu.co,,208,,,,,1,1,,,1,,,1,,,
392,1,camilo,rios,2022101,2022-11-17,bogota,1999-12-08,,,,32122183723,jairo@ugc.edu.co,,,,3,,,,,,,,,,1,,,
393,1,jairo,urrego,120423098,,,,,,,32122183723,jairo@ugc.edu.co,,209,,,,,1,1,,,1,,,1,,,
394,1,camilo,rios,2022101,2022-11-17,bogota,1999-12-08,,,,32122183723,jairo@ugc.edu.co,,,,3,,,,,,,,,,1,,,
395,1,jairo,urrego,120423098,,,,,,,32122183723,jairo@ugc.edu.co,,210,,,,,1,1,,,1,,,1,,,
396,1,camilo,rios,2022101,2022-11-17,bogota,1999-12-08,,,,32122183723,jairo@ugc.edu.co,,,,3,,,,,,,,,,1,,,
397,1,jairo,urrego,120423098,,,,,,,32122183723,jairo@ugc.edu.co,,211,,,,,1,1,,,1,,,1,,,
398,1,camilo,rios,2022101,2022-11-17,bogota,1999-12-08,,,,32122183723,jairo@ugc.edu.co,,,,3,,,,,,,,,,1,,,
399,1,jairo,urrego,120423098,,,,,,,32122183723,jairo@ugc.edu.co,,212,,,,,1,1,,,1,,,1,,,
400,1,camilo,rios,2022101,2022-11-17,bogota,1999-12-08,,,,32122183723,jairo@ugc.edu.co,,,,3,,,,,,,,,,1,,,
401,1,jairo,urrego,120423098,,,,,,,32122183723,jairo@ugc.edu.co,,213,,,,,1,1,,,1,,,1,,,
402,1,camilo,rios,2022101,2022-11-17,bogota,1999-12-08,,,,32122183723,jairo@ugc.edu.co,,,,3,,,,,,,,,,1,,,
403,1,jairo,urrego,120423098,,,,,,,32122183723,jairo@ugc.edu.co,,214,,,,,1,1,,,1,,,1,,,
404,1,camilo,rios,2022101,2022-11-17,bogota,1999-12-08,,,,32122183723,jairo@ugc.edu.co,,,,3,,,,,,,,,,1,,,
405,1,jairo,urrego,120423098,,,,,,,32122183723,jairo@ugc.edu.co,,215,,,,,1,1,,,1,,,1,,,
406,1,camilo,rios,2022101,2022-11-17,bogota,1999-12-08,,,,32122183723,jairo@ugc.edu.co,,,,3,,,,,,,,,,1,,,
407,1,jairo,urrego,120423098,,,,,,,32122183723,jairo@ugc.edu.co,,216,,,,,1,1,,,1,,,1,,,
408,1,camilo,rios,2022101,2022-11-17,bogota,1999-12-08,,,,32122183723,jairo@ugc.edu.co,,,,3,,,,,,,,,,1,,,
409,1,jairo,urrego,120423098,,,,,,,32122183723,jairo@ugc.edu.co,,217,,,,,1,1,,,1,,,1,,,
410,1,camilo,rios,2022101,2022-11-17,bogota,1999-12-08,,,,32122183723,jairo@ugc.edu.co,,,,3,,,,,,,,,,1,,,
411,1,jairo,urrego,120423098,,,,,,,32122183723,jairo@ugc.edu.co,,218,,,,,1,1,,,1,,,1,,,
412,1,camilo,rios,2022101,2022-11-17,bogota,1999-12-08,,,,32122183723,jairo@ugc.edu.co,,,,3,,,,,,,,,,1,,,
413,1,jairo,urrego,120423098,,,,,,,32122183723,jairo@ugc.edu.co,,219,,,,,1,1,,,1,,,1,,,
414,1,camilo,rios,2022101,2022-11-17,bogota,1999-12-08,,,,32122183723,jairo@ugc.edu.co,,,,3,,,,,,,,,,1,,,
415,1,jairo,urrego,120423098,,,,,,,32122183723,jairo@ugc.edu.co,,220,,,,,1,1,,,1,,,1,,,
416,1,camilo,rios,2022101,2022-11-17,bogota,1999-12-08,,,,32122183723,jairo@ugc.edu.co,,,,3,,,,,,,,,,1,,,
417,1,jairo,urrego,120423098,,,,,,,32122183723,jairo@ugc.edu.co,,221,,,,,1,1,,,1,,,1,,,
418,1,camilo,rios,2022101,2022-11-17,bogota,1999-12-08,,,,32122183723,jairo@ugc.edu.co,,,,3,,,,,,,,,,1,,,
419,1,jairo,urrego,120423098,,,,,,,32122183723,jairo@ugc.edu.co,,222,,,,,1,1,,,1,,,1,,,
420,1,camilo,rios,2022101,2022-11-17,bogota,1999-12-08,,,,32122183723,jairo@ugc.edu.co,,,,3,,,,,,,,,,1,,,
421,1,jairo,urrego,120423098,,,,,,,32122183723,jairo@ugc.edu.co,,223,,,,,1,1,,,1,,,1,,,
422,1,camilo,rios,2022101,2022-11-17,bogota,1999-12-08,,,,32122183723,jairo@ugc.edu.co,,,,3,,,,,,,,,,1,,,
423,1,jairo,urrego,120423098,,,,,,,32122183723,jairo@ugc.edu.co,,224,,,,,1,1,,,1,,,1,,,
424,1,camilo,rios,2022101,2022-11-17,bogota,1999-12-08,,,,32122183723,jairo@ugc.edu.co,,,,3,,,,,,,,,,1,,,
425,1,jairo,urrego,120423098,,,,,,,32122183723,jairo@ugc.edu.co,,225,,,,,1,1,,,1,,,1,,,
426,1,camilo,rios,2022101,2022-11-17,bogota,1999-12-08,,,,32122183723,jairo@ugc.edu.co,,,,3,,,,,,,,,,1,,,
427,1,jairo,urrego,120423098,,,,,,,32122183723,jairo@ugc.edu.co,,226,,,,,1,1,,,1,,,1,,,
428,1,camilo,rios,2022101,2022-11-17,bogota,1999-12-08,,,,32122183723,jairo@ugc.edu.co,,,,3,,,,,,,,,,1,,,
429,1,jairo,urrego,120423098,,,,,,,32122183723,jairo@ugc.edu.co,,227,,,,,1,1,,,1,,,1,,,
430,1,camilo,rios,2022101,2022-11-17,bogota,1999-12-08,,,,32122183723,jairo@ugc.edu.co,,,,3,,,,,,,,,,1,,,
431,1,jairo,urrego,120423098,,,,,,,32122183723,jairo@ugc.edu.co,,228,,,,,1,1,,,1,,,1,,,
432,1,camilo,rios,2022101,2022-11-17,bogota,1999-12-08,,,,32122183723,jairo@ugc.edu.co,,,,3,,,,,,,,,,1,,,
433,1,jairo,urrego,120423098,,,,,,,32122183723,jairo@ugc.edu.co,,229,,,,,1,1,,,1,,,1,,,
434,1,camilo,rios,2022101,2022-11-17,bogota,1999-12-08,,,,32122183723,jairo@ugc.edu.co,,,,3,,,,,,,,,,1,,,
435,1,jairo,urrego,120423098,,,,,,,32122183723,jairo@ugc.edu.co,,230,,,,,1,1,,,1,,,1,,,
436,1,camilo,rios,2022101,2022-11-17,bogota,1999-12-08,,,,32122183723,jairo@ugc.edu.co,,,,3,,,,,,,,,,1,,,
437,1,jairo,urrego,120423098,,,,,,,32122183723,jairo@ugc.edu.co,,231,,,,,1,1,,,1,,,1,,,
438,1,camilo,rios,2022101,2022-11-17,bogota,1999-12-08,,,,32122183723,jairo@ugc.edu.co,,,,3,,,,,,,,,,1,,,
439,1,jairo,urrego,120423098,,,,,,,32122183723,jairo@ugc.edu.co,,232,,,,,1,1,,,1,,,1,,,
440,1,camilo,rios,2022101,2022-11-17,bogota,1999-12-08,,,,32122183723,jairo@ugc.edu.co,,,,3,,,,,,,,,,1,,,
441,1,jairo,urrego,120423098,,,,,,,32122183723,jairo@ugc.edu.co,,233,,,,,1,1,,,1,,,1,,,
442,1,camilo,rios,2022101,2022-11-17,bogota,1999-12-08,,,,32122183723,jairo@ugc.edu.co,,,,3,,,,,,,,,,1,,,
443,1,jairo,urrego,120423098,,,,,,,32122183723,jairo@ugc.edu.co,,234,,,,,1,1,,,1,,,1,,,
444,1,camilo,rios,2022101,2022-11-17,bogota,1999-12-08,,,,32122183723,jairo@ugc.edu.co,,,,3,,,,,,,,,,1,,,
445,1,jairo,urrego,120423098,,,,,,,32122183723,jairo@ugc.edu.co,,235,,,,,1,1,,,1,,,1,,,
446,1,camilo,rios,2022101,2022-11-17,bogota,1999-12-08,,,,32122183723,jairo@ugc.edu.co,,,,3,,,,,,,,,,1,,,
447,1,jairo,urrego,120423098,,,,,,,32122183723,jairo@ugc.edu.co,,236,,,,,1,1,,,1,,,1,,,
448,1,camilo,rios,2022101,2022-11-17,bogota,1999-12-08,,,,32122183723,jairo@ugc.edu.co,,,,3,,,,,,,,,,1,,,
449,1,jairo,urrego,120423098,,,,,,,32122183723,jairo@ugc.edu.co,,237,,,,,1,1,,,1,,,1,,,
450,1,camilo,rios,2022101,2022-11-17,bogota,1999-12-08,,,,32122183723,jairo@ugc.edu.co,,,,3,,,,,,,,,,1,,,
451,1,jairo,urrego,120423098,,,,,,,32122183723,jairo@ugc.edu.co,,238,,,,,1,1,,,1,,,1,,,
452,1,camilo,rios,2022101,2022-11-17,bogota,1999-12-08,,,,32122183723,jairo@ugc.edu.co,,,,3,,,,,,,,,,1,,,
453,1,jairo,urrego,120423098,,,,,,,32122183723,jairo@ugc.edu.co,,239,,,,,1,1,,,1,,,1,,,
454,1,camilo,rios,2022101,2022-11-17,bogota,1999-12-08,,,,32122183723,jairo@ugc.edu.co,,,,3,,,,,,,,,,1,,,
455,1,jairo,urrego,120423098,,,,,,,321221837,jairo@ugc.edu.co,,240,,,,,1,1,,,1,1,,1,,,
456,1,camilo,rios,2022101,2022-11-17,bogota,1999-12-08,,,,32122183723,jairo@ugc.edu.co,,,,3,,,,,,,,2,,1,,,
457,1,jairo,urrego,120423098,,,,,,,32122183723,jairo@ugc.edu.co,,241,,,,,1,1,,,1,2,,1,,,
458,1,camilo,rios,2022101,2022-11-17,bogota,1999-12-08,,,,32122183723,jairo@ugc.edu.co,,,,3,,,,,,,,1,,1,,,
459,1,jairo,urrego,120423098,,,,,,,32122183723,jairo@ugc.edu.co,,242,,,,,1,1,,,1,,,1,,,
460,1,camilo,rios,2022101,2022-11-17,bogota,1999-12-08,,,,32122183723,jairo@ugc.edu.co,,,,3,,,,,,,,,,1,,,
461,1,jairo,urrego,120423098,,,,,,,32122183723,jairo@ugc.edu.co,,243,,,,,1,1,,,1,,,1,,,
462,1,camilo,rios,2022101,2022-11-17,bogota,1999-12-08,,,,32122183723,jairo@ugc.edu.co,,,,3,,,,,,,,,,1,,,
463,1,jairo,urrego,120423098,,,,,,,32122183723,jairo@ugc.edu.co,,244,,,,,1,1,,,1,,,1,,,
464,1,camilo,rios,2022101,2022-11-17,bogota,1999-12-08,,,,32122183723,jairo@ugc.edu.co,,,,3,,,,,,,,,,1,,,
465,1,jairo,urrego,120423098,,,,,,,32122183723,jairo@ugc.edu.co,,245,,,,,1,1,,,1,,,1,,,
466,1,camilo,rios,2022101,2022-11-17,bogota,1999-12-08,,,,32122183723,jairo@ugc.edu.co,,,,3,,,,,,,,,,1,,,
467,1,jairo,urrego,120423098,,,,,,,32122183723,jairo@ugc.edu.co,,246,,,,,1,1,,,1,,,1,,,
468,1,camilo,rios,2022101,2022-11-17,bogota,1999-12-08,,,,32122183723,jairo@ugc.edu.co,,,,3,,,,,,,,,,1,,,
469,1,jairo,urrego,120423098,,,,,,,32122183723,jairo@ugc.edu.co,,247,,,,,1,1,,,1,,,1,,,
470,1,camilo,rios,2022101,2022-11-17,bogota,1999-12-08,,,,32122183723,jairo@ugc.edu.co,,,,3,,,,,,,,,,1,,,
471,1,jairo,urrego,120423098,,,,,,,32122183723,jairo@ugc.edu.co,,248,,,,,1,1,,,1,,,1,,,
472,1,camilo,rios,2022101,2022-11-17,bogota,1999-12-08,,,,32122183723,jairo@ugc.edu.co,,,,3,,,,,,,,,,1,,,
473,1,jairo,urrego,120423098,,,,,,,32122183723,jairo@ugc.edu.co,,249,,,,,1,1,,,1,,,1,,,
474,1,camilo,rios,2022101,2022-11-17,bogota,1999-12-08,,,,32122183723,jairo@ugc.edu.co,,,,3,,,,,,,,,,1,,,
475,1,jairo,urrego,120423098,,,,,,,32122183723,jairo@ugc.edu.co,,250,,,,,1,1,,,1,,,1,,,
476,1,camilo,rios,2022101,2022-11-17,bogota,1999-12-08,,,,32122183723,jairo@ugc.edu.co,,,,3,,,,,,,,,,1,,,
477,1,jairo,urrego,120423098,,,,,,,32122183723,jairo@ugc.edu.co,,251,,,,,1,1,,,1,,,1,,,
478,1,camilo,rios,2022101,2022-11-17,bogota,1999-12-08,,,,32122183723,jairo@ugc.edu.co,,,,3,,,,,,,,,,1,,,
479,1,jairo,urrego,120423098,,,,,,,32122183723,jairo@ugc.edu.co,,252,,,,,1,1,,,1,,,1,,,
480,1,camilo,rios,2022101,2022-11-17,bogota,1999-12-08,,,,32122183723,jairo@ugc.edu.co,,,,3,,,,,,,,,,1,,,
481,1,jairo,urrego,120423098,,,,,,,32122183723,jairo@ugc.edu.co,,253,,,,,1,1,,,1,,,1,,,
482,1,camilo,rios,2022101,2022-11-17,bogota,1999-12-08,,,,32122183723,jairo@ugc.edu.co,,,,3,,,,,,,,,,1,,,
483,1,jairo,urrego,120423098,,,,,,,32122183723,jairo@ugc.edu.co,,254,,,,,1,1,,,1,,,1,,,
484,1,camilo,rios,2022101,2022-11-17,bogota,1999-12-08,,,,32122183723,jairo@ugc.edu.co,,,,3,,,,,,,,,,1,,,
485,1,jairo,urrego,120423098,,,,,,,32122183723,jairo@ugc.edu.co,,255,,,,,1,1,,,1,,,1,,,
486,1,camilo,rios,2022101,2022-11-17,bogota,1999-12-08,,,,32122183723,jairo@ugc.edu.co,,,,3,,,,,,,,,,1,,,
487,1,jairo,urrego,120423098,,,,,,,32122183723,jairo@ugc.edu.co,,256,,,,,1,1,,,1,,,1,,,
488,1,camilo,rios,2022101,2022-11-17,bogota,1999-12-08,,,,32122183723,jairo@ugc.edu.co,,,,3,,,,,,,,,,1,,,
489,1,jairo,urrego,120423098,,,,,,,32122183723,jairo@ugc.edu.co,,257,,,,,1,1,,,1,,,1,,,
490,1,camilo,rios,2022101,2022-11-17,bogota,1999-12-08,,,,32122183723,jairo@ugc.edu.co,,,,3,,,,,,,,,,1,,,
491,1,jairo,urrego,120423098,,,,,,,32122183723,jairo@ugc.edu.co,,258,,,,,1,1,,,1,,,1,,,
492,1,camilo,rios,2022101,2022-11-17,bogota,1999-12-08,,,,32122183723,jairo@ugc.edu.co,,,,3,,,,,,,,,,1,,,
493,1,jairo,urrego,120423098,,,,,,,32122183723,jairo@ugc.edu.co,,259,,,,,1,1,,,1,,,1,,,
494,1,camilo,rios,2022101,2022-11-17,bogota,1999-12-08,,,,32122183723,jairo@ugc.edu.co,,,,3,,,,,,,,,,1,,,
495,1,jairo,urrego,120423098,,,,,,,32122183723,jairo@ugc.edu.co,,260,,,,,1,1,,,1,,,1,,,
496,1,camilo,rios,2022101,2022-11-17,bogota,1999-12-08,,,,32122183723,jairo@ugc.edu.co,,,,3,,,,,,,,,,1,,,
497,1,jairo,urrego,120423098,,,,,,,32122183723,jairo@ugc.edu.co,,261,,,,,1,1,,,1,,,1,,,
498,1,camilo,rios,2022101,2022-11-17,bogota,1999-12-08,,,,32122183723,jairo@ugc.edu.co,,,,3,,,,,,,,,,1,,,
499,1,jairo,urrego,120423098,,,,,,,32122183723,jairo@ugc.edu.co,,262,,,,,1,1,,,1,,,1,,,
500,1,camilo,rios,2022101,2022-11-17,bogota,1999-12-08,,,,32122183723,jairo@ugc.edu.co,,,,3,,,,,,,,,,1,,,
501,1,jairo,urrego,120423098,,,,,,,32122183723,jairo@ugc.edu.co,,263,,,,,1,1,,,1,,,1,,,
502,1,camilo,rios,2022101,2022-11-17,bogota,1999-12-08,,,,32122183723,jairo@ugc.edu.co,,,,3,,,,,,,,,,1,,,
503,1,jairo,urrego,120423098,,,,,,,32122183723,jairo@ugc.edu.co,,264,,,,,1,1,,,1,,,1,,,
504,1,camilo,rios,2022101,2022-11-17,bogota,1999-12-08,,,,32122183723,jairo@ugc.edu.co,,,,3,,,,,,,,,,1,,,
505,1,jairo,urrego,120423098,,,,,,,32122183723,jairo@ugc.edu.co,,265,,,,,1,1,,,1,,,1,,,
506,1,camilo,rios,2022101,2022-11-17,bogota,1999-12-08,,,,32122183723,jairo@ugc.edu.co,,,,3,,,,,,,,,,1,,,
507,1,jairo,urrego,120423098,,,,,,,32122183723,jairo@ugc.edu.co,,266,,,,,1,1,,,1,,,1,,,
508,1,camilo,rios,2022101,2022-11-17,bogota,1999-12-08,,,,32122183723,jairo@ugc.edu.co,,,,3,,,,,,,,,,1,,,
509,1,jairo,urrego,120423098,,,,,,,32122183723,jairo@ugc.edu.co,,267,,,,,1,1,,,1,,,1,,,
510,1,camilo,rios,2022101,2022-11-17,bogota,1999-12-08,,,,32122183723,jairo@ugc.edu.co,,,,3,,,,,,,,,,1,,,
511,1,jairo,urrego,120423098,,,,,,,32122183723,jairo@ugc.edu.co,,268,,,,,1,1,,,1,,,1,,,
512,1,camilo,rios,2022101,2022-11-17,bogota,1999-12-08,,,,32122183723,jairo@ugc.edu.co,,,,3,,,,,,,,,,1,,,
513,1,jairo,urrego,120423098,,,,,,,32122183723,jairo@ugc.edu.co,,269,,,,,1,1,,,1,,,1,,,
514,1,camilo,rios,2022101,2022-11-17,bogota,1999-12-08,,,,32122183723,jairo@ugc.edu.co,,,,3,,,,,,,,,,1,,,
515,1,jairo,urrego,120423098,,,,,,,32122183723,jairo@ugc.edu.co,,270,,,,,1,1,,,1,,,1,,,
516,1,camilo,rios,2022101,2022-11-17,bogota,1999-12-08,,,,32122183723,jairo@ugc.edu.co,,,,3,,,,,,,,,,1,,,
517,1,jairo,urrego,120423098,,,,,,,32122183723,jairo@ugc.edu.co,,271,,,,,1,1,,,1,,,1,,,
518,1,camilo,rios,2022101,2022-11-17,bogota,1999-12-08,,,,32122183723,jairo@ugc.edu.co,,,,3,,,,,,,,,,1,,,
519,1,jairo,urrego,120423098,,,,,,,32122183723,jairo@ugc.edu.co,,272,,,,,1,1,,,1,,,1,,,
520,1,camilo,rios,2022101,2022-11-17,bogota,1999-12-08,,,,32122183723,jairo@ugc.edu.co,,,,3,,,,,,,,,,1,,,
521,1,jairo,urrego,120423098,,,,,,,32122183723,jairo@ugc.edu.co,,273,,,,,1,1,,,1,,,1,,,
522,1,camilo,rios,2022101,2022-11-17,bogota,1999-12-08,,,,32122183723,jairo@ugc.edu.co,,,,3,,,,,,,,,,1,,,
523,1,jairo,urrego,120423098,,,,,,,32122183723,jairo@ugc.edu.co,,274,,,,,1,1,,,1,,,1,,,
524,1,camilo,rios,2022101,2022-11-17,bogota,1999-12-08,,,,32122183723,jairo@ugc.edu.co,,,,3,,,,,,,,,,1,,,
525,1,jairo,urrego,120423098,,,,,,,32122183723,jairo@ugc.edu.co,,275,,,,,1,1,,,1,,,1,,,
526,1,camilo,rios,2022101,2022-11-17,bogota,1999-12-08,,,,32122183723,jairo@ugc.edu.co,,,,3,,,,,,,,,,1,,,
527,1,jairo,urrego,120423098,,,,,,,32122183723,jairo@ugc.edu.co,,276,,,,,1,1,,,1,,,1,,,
528,1,camilo,rios,2022101,2022-11-17,bogota,1999-12-08,,,,32122183723,jairo@ugc.edu.co,,,,3,,,,,,,,,,1,,,
529,1,jairo,urrego,120423098,,,,,,,32122183723,jairo@ugc.edu.co,,277,,,,,1,1,,,1,,,1,,,
530,1,camilo,rios,2022101,2022-11-17,bogota,1999-12-08,,,,32122183723,jairo@ugc.edu.co,,,,3,,,,,,,,,,1,,,
531,1,jairo,urrego,120423098,,,,,,,32122183723,jairo@ugc.edu.co,,278,,,,,1,1,,,1,,,1,,,
532,1,camilo,rios,2022101,2022-11-17,bogota,1999-12-08,,,,32122183723,jairo@ugc.edu.co,,,,3,,,,,,,,,,1,,,
533,1,jairo,urrego,120423098,,,,,,,32122183723,jairo@ugc.edu.co,,279,,,,,1,1,,,1,,,1,,,
534,1,camilo,rios,2022101,2022-11-17,bogota,1999-12-08,,,,32122183723,jairo@ugc.edu.co,,,,3,,,,,,,,,,1,,,
535,1,jairo,urrego,120423098,,,,,,,32122183723,jairo@ugc.edu.co,,280,,,,,1,1,,,1,,,1,,,
536,1,camilo,rios,2022101,2022-11-17,bogota,1999-12-08,,,,32122183723,jairo@ugc.edu.co,,,,3,,,,,,,,,,1,,,
537,1,jairo,urrego,120423098,,,,,,,32122183723,jairo@ugc.edu.co,,281,,,,,1,1,,,1,,,1,,,
538,1,camilo,rios,2022101,2022-11-17,bogota,1999-12-08,,,,32122183723,jairo@ugc.edu.co,,,,3,,,,,,,,,,1,,,
539,1,jairo,urrego,120423098,,,,,,,32122183723,jairo@ugc.edu.co,,282,,,,,1,1,,,1,,,1,,,
540,1,camilo,rios,2022101,2022-11-17,bogota,1999-12-08,,,,32122183723,jairo@ugc.edu.co,,,,3,,,,,,,,,,1,,,
541,1,jairo,urrego,120423098,,,,,,,32122183723,jairo@ugc.edu.co,,283,,,,,1,1,,,1,,,1,,,
542,1,camilo,rios,2022101,2022-11-17,bogota,1999-12-08,,,,32122183723,jairo@ugc.edu.co,,,,3,,,,,,,,,,1,,,
543,1,jairo,urrego,120423098,,,,,,,32122183723,jairo@ugc.edu.co,,284,,,,,1,1,,,1,,,1,,,
544,1,camilo,rios,2022101,2022-11-17,bogota,1999-12-08,,,,32122183723,jairo@ugc.edu.co,,,,3,,,,,,,,,,1,,,
545,1,jairo,urrego,120423098,,,,,,,32122183723,jairo@ugc.edu.co,,285,,,,,1,1,,,1,,,1,,,
546,1,camilo,rios,2022101,2022-11-17,bogota,1999-12-08,,,,32122183723,jairo@ugc.edu.co,,,,3,,,,,,,,,,1,,,
547,1,jairo,urrego,120423098,,,,,,,32122183723,jairo@ugc.edu.co,,286,,,,,1,1,,,1,,,1,,,
548,1,camilo,rios,2022101,2022-11-17,bogota,1999-12-08,,,,32122183723,jairo@ugc.edu.co,,,,3,,,,,,,,,,1,,,
549,1,jairo,urrego,120423098,,,,,,,32122183723,jairo@ugc.edu.co,,287,,,,,1,1,,,1,,,1,,,
550,1,camilo,rios,2022101,2022-11-17,bogota,1999-12-08,,,,32122183723,jairo@ugc.edu.co,,,,3,,,,,,,,,,1,,,
551,1,jairo,urrego,120423098,,,,,,,32122183723,jairo@ugc.edu.co,,288,,,,,1,1,,,1,,,1,,,
552,1,camilo,rios,2022101,2022-11-17,bogota,1999-12-08,,,,32122183723,jairo@ugc.edu.co,,,,3,,,,,,,,,,1,,,
553,1,jairo,urrego,120423098,,,,,,,32122183723,jairo@ugc.edu.co,,289,,,,,1,1,,,1,,,1,,,
554,1,camilo,rios,2022101,2022-11-17,bogota,1999-12-08,,,,32122183723,jairo@ugc.edu.co,,,,3,,,,,,,,,,1,,,
555,1,jairo,urrego,120423098,,,,,,,32122183723,jairo@ugc.edu.co,,290,,,,,1,1,,,1,,,1,,,
556,1,camilo,rios,2022101,2022-11-17,bogota,1999-12-08,,,,32122183723,jairo@ugc.edu.co,,,,3,,,,,,,,,,1,,,
557,1,jairo,urrego,120423098,,,,,,,32122183723,jairo@ugc.edu.co,,291,,,,,1,1,,,1,,,1,,,
558,1,camilo,rios,2022101,2022-11-17,bogota,1999-12-08,,,,32122183723,jairo@ugc.edu.co,,,,3,,,,,,,,,,1,,,
559,1,jairo,urrego,120423098,,,,,,,32122183723,jairo@ugc.edu.co,,292,,,,,1,1,,,1,,,1,,,
560,1,camilo,rios,2022101,2022-11-17,bogota,1999-12-08,,,,32122183723,jairo@ugc.edu.co,,,,3,,,,,,,,,,1,,,
561,1,jairo,urrego,120423098,,,,,,,32122183723,jairo@ugc.edu.co,,293,,,,,1,1,,,1,,,1,,,
562,1,camilo,rios,2022101,2022-11-17,bogota,1999-12-08,,,,32122183723,jairo@ugc.edu.co,,,,3,,,,,,,,,,1,,,
563,1,jairo,urrego,120423098,,,,,,,32122183723,jairo@ugc.edu.co,,294,,,,,1,1,,,1,,,1,,,
564,1,camilo,rios,2022101,2022-11-17,bogota,1999-12-08,,,,32122183723,jairo@ugc.edu.co,,,,3,,,,,,,,,,1,,,
565,1,jairo,urrego,120423098,,,,,,,32122183723,jairo@ugc.edu.co,,295,,,,,1,1,,,1,,,1,,,
566,1,camilo,rios,2022101,2022-11-17,bogota,1999-12-08,,,,32122183723,jairo@ugc.edu.co,,,,3,,,,,,,,,,1,,,
567,1,jairo,urrego,120423098,,,,,,,32122183723,jairo@ugc.edu.co,,296,,,,,1,1,,,1,,,1,,,
568,1,camilo,rios,2022101,2022-11-17,bogota,1999-12-08,,,,32122183723,jairo@ugc.edu.co,,,,3,,,,,,,,,,1,,,
569,1,jairo,urrego,120423098,,,,,,,32122183723,jairo@ugc.edu.co,,297,,,,,1,1,,,1,,,1,,,
570,1,camilo,rios,2022101,2022-11-17,bogota,1999-12-08,,,,32122183723,jairo@ugc.edu.co,,,,3,,,,,,,,,,1,,,
571,1,jairo,urrego,120423098,,,,,,,32122183723,jairo@ugc.edu.co,,298,,,,,1,1,,,1,,,1,,,
572,1,camilo,rios,2022101,2022-11-17,bogota,1999-12-08,,,,32122183723,jairo@ugc.edu.co,,,,3,,,,,,,,,,1,,,
573,1,jairo,urrego,120423098,,,,,,,32122183723,jairo@ugc.edu.co,,299,,,,,1,1,,,1,,,1,,,
574,1,camilo,rios,2022101,2022-11-17,bogota,1999-12-08,,,,32122183723,jairo@ugc.edu.co,,,,3,,,,,,,,,,1,,,
575,1,jairo,urrego,120423098,,,,,,,32122183723,jairo@ugc.edu.co,,300,,,,,1,1,,,1,,,1,,,
576,1,camilo,rios,2022101,2022-11-17,bogota,1999-12-08,,,,32122183723,jairo@ugc.edu.co,,,,3,,,,,,,,,,1,,,
577,1,jairo,urrego,120423098,,,,,,,32122183723,jairo@ugc.edu.co,,301,,,,,1,1,,,1,,,1,,,
578,1,camilo,rios,2022101,2022-11-17,bogota,1999-12-08,,,,32122183723,jairo@ugc.edu.co,,,,3,,,,,,,,,,1,,,
579,1,jairo,urrego,120423098,,,,,,,32122183723,jairo@ugc.edu.co,,302,,,,,1,1,,,1,,,1,,,
580,1,camilo,rios,2022101,2022-11-17,bogota,1999-12-08,,,,32122183723,jairo@ugc.edu.co,,,,3,,,,,,,,,,1,,,
581,1,jairo,urrego,120423098,,,,,,,32122183723,jairo@ugc.edu.co,,303,,,,,1,1,,,1,,,1,,,
582,1,camilo,rios,2022101,2022-11-17,bogota,1999-12-08,,,,32122183723,jairo@ugc.edu.co,,,,3,,,,,,,,,,1,,,
583,1,jairo,urrego,120423098,,,,,,,32122183723,jairo@ugc.edu.co,,304,,,,,1,1,,,1,,,1,,,
584,1,camilo,rios,2022101,2022-11-17,bogota,1999-12-08,,,,32122183723,jairo@ugc.edu.co,,,,3,,,,,,,,,,1,,,
585,1,jairo,urrego,120423098,,,,,,,32122183723,jairo@ugc.edu.co,,305,,,,,1,1,,,1,,,1,,,
586,1,camilo,rios,2022101,2022-11-17,bogota,1999-12-08,,,,32122183723,jairo@ugc.edu.co,,,,3,,,,,,,,,,1,,,
587,1,jairo,urrego,120423098,,,,,,,32122183723,jairo@ugc.edu.co,,306,,,,,1,1,,,1,,,1,,,
588,1,camilo,rios,2022101,2022-11-17,bogota,1999-12-08,,,,32122183723,jairo@ugc.edu.co,,,,3,,,,,,,,,,1,,,
589,1,jairo,urrego,120423098,,,,,,,32122183723,jairo@ugc.edu.co,,307,,,,,1,1,,,1,,,1,,,
590,1,camilo,rios,2022101,2022-11-17,bogota,1999-12-08,,,,32122183723,jairo@ugc.edu.co,,,,3,,,,,,,,,,1,,,
591,1,jairo,urrego,120423098,,,,,,,32122183723,jairo@ugc.edu.co,,308,,,,,1,1,,,1,,,1,,,
592,1,camilo,rios,2022101,2022-11-17,bogota,1999-12-08,,,,32122183723,jairo@ugc.edu.co,,,,3,,,,,,,,,,1,,,
593,1,jairo,urrego,120423098,,,,,,,32122183723,jairo@ugc.edu.co,,309,,,,,1,1,,,1,,,1,,,
594,1,camilo,rios,2022101,2022-11-17,bogota,1999-12-08,,,,32122183723,jairo@ugc.edu.co,,,,3,,,,,,,,,,1,,,
595,1,jairo,urrego,120423098,,,,,,,32122183723,jairo@ugc.edu.co,,310,,,,,1,1,,,1,,,1,,,
596,1,camilo,rios,2022101,2022-11-17,bogota,1999-12-08,,,,32122183723,jairo@ugc.edu.co,,,,3,,,,,,,,,,1,,,
597,1,jairo,urrego,120423098,,,,,,,32122183723,jairo@ugc.edu.co,,311,,,,,1,1,,,1,,,1,,,
598,1,camilo,rios,2022101,2022-11-17,bogota,1999-12-08,,,,32122183723,jairo@ugc.edu.co,,,,3,,,,,,,,,,1,,,
599,1,jairo,urrego,120423098,,,,,,,32122183723,jairo@ugc.edu.co,,312,,,,,1,1,,,1,,,1,,,
600,1,camilo,rios,2022101,2022-11-17,bogota,1999-12-08,,,,32122183723,jairo@ugc.edu.co,,,,3,,,,,,,,,,1,,,
601,1,jairo,urrego,120423098,,,,,,,32122183723,jairo@ugc.edu.co,,313,,,,,1,1,,,1,,,1,,,
602,1,camilo,rios,2022101,2022-11-17,bogota,1999-12-08,,,,32122183723,jairo@ugc.edu.co,,,,3,,,,,,,,,,1,,,
603,1,jairo,urrego,120423098,,,,,,,32122183723,jairo@ugc.edu.co,,314,,,,,1,1,,,1,,,1,,,
604,1,camilo,rios,2022101,2022-11-17,bogota,1999-12-08,,,,32122183723,jairo@ugc.edu.co,,,,3,,,,,,,,,,1,,,
605,1,jairo,urrego,120423098,,,,,,,32122183723,jairo@ugc.edu.co,,315,,,,,1,1,,,1,,,1,,,
606,1,camilo,rios,2022101,2022-11-17,bogota,1999-12-08,,,,32122183723,jairo@ugc.edu.co,,,,3,,,,,,,,,,1,,,
607,1,jairo,urrego,120423098,,,,,,,32122183723,jairo@ugc.edu.co,,316,,,,,1,1,,,1,,,1,,,
608,1,camilo,rios,2022101,2022-11-17,bogota,1999-12-08,,,,32122183723,jairo@ugc.edu.co,,,,3,,,,,,,,,,1,,,
609,1,jairo,urrego,120423098,,,,,,,32122183723,jairo@ugc.edu.co,,317,,,,,1,1,,,1,,,1,,,
610,1,camilo,rios,2022101,2022-11-17,bogota,1999-12-08,,,,32122183723,jairo@ugc.edu.co,,,,3,,,,,,,,,,1,,,
611,1,jairo,urrego,120423098,,,,,,,32122183723,jairo@ugc.edu.co,,318,,,,,1,1,,,1,,,1,,,
612,1,camilo,rios,2022101,2022-11-17,bogota,1999-12-08,,,,32122183723,jairo@ugc.edu.co,,,,3,,,,,,,,,,1,,,
613,1,jairo,urrego,120423098,,,,,,,32122183723,jairo@ugc.edu.co,,319,,,,,1,1,,,1,,,1,,,
614,1,camilo,rios,2022101,2022-11-17,bogota,1999-12-08,,,,32122183723,jairo@ugc.edu.co,,,,3,,,,,,,,,,1,,,
615,1,jairo,urrego,120423098,,,,,,,32122183723,jairo@ugc.edu.co,,320,,,,,1,1,,,1,,,1,,,
616,1,camilo,rios,2022101,2022-11-17,bogota,1999-12-08,,,,32122183723,jairo@ugc.edu.co,,,,3,,,,,,,,,,1,,,
617,1,jairo,urrego,120423098,,,,,,,32122183723,jairo@ugc.edu.co,,321,,,,,1,1,,,1,,,1,,,
618,1,camilo,rios,2022101,2022-11-17,bogota,1999-12-08,,,,32122183723,jairo@ugc.edu.co,,,,3,,,,,,,,,,1,,,
619,1,jairo,urrego,120423098,,,,,,,32122183723,jairo@ugc.edu.co,,322,,,,,1,1,,,1,,,1,,,
620,1,camilo,rios,2022101,2022-11-17,bogota,1999-12-08,,,,32122183723,jairo@ugc.edu.co,,,,3,,,,,,,,,,1,,,
621,1,jairo,urrego,120423098,,,,,,,32122183723,jairo@ugc.edu.co,,323,,,,,1,1,,,1,,,1,,,
622,1,camilo,rios,2022101,2022-11-17,bogota,1999-12-08,,,,32122183723,jairo@ugc.edu.co,,,,3,,,,,,,,,,1,,,
623,1,jairo,urrego,120423098,,,,,,,32122183723,jairo@ugc.edu.co,,324,,,,,1,1,,,1,,,1,,,
624,1,camilo,rios,2022101,2022-11-17,bogota,1999-12-08,,,,32122183723,jairo@ugc.edu.co,,,,3,,,,,,,,,,1,,,
625,1,jairo,urrego,120423098,,,,,,,32122183723,jairo@ugc.edu.co,,325,,,,,1,1,,,1,,,1,,,
626,1,camilo,rios,2022101,2022-11-17,bogota,1999-12-08,,,,32122183723,jairo@ugc.edu.co,,,,3,,,,,,,,,,1,,,
627,1,jairo,urrego,120423098,,,,,,,32122183723,jairo@ugc.edu.co,,326,,,,,1,1,,,1,,,1,,,
628,1,camilo,rios,2022101,2022-11-17,bogota,1999-12-08,,,,32122183723,jairo@ugc.edu.co,,,,3,,,,,,,,,,1,,,
629,1,jairo,urrego,120423098,,,,,,,32122183723,jairo@ugc.edu.co,,327,,,,,1,1,,,1,,,1,,,
630,1,camilo,rios,2022101,2022-11-17,bogota,1999-12-08,,,,32122183723,jairo@ugc.edu.co,,,,3,,,,,,,,,,1,,,
631,1,jairo,urrego,120423098,,,,,,,32122183723,jairo@ugc.edu.co,,328,,,,,1,1,,,1,,,1,,,
632,1,camilo,rios,2022101,2022-11-17,bogota,1999-12-08,,,,32122183723,jairo@ugc.edu.co,,,,3,,,,,,,,,,1,,,
633,1,jairo,urrego,120423098,,,,,,,32122183723,jairo@ugc.edu.co,,329,,,,,1,1,,,1,,,1,,,
634,1,camilo,rios,2022101,2022-11-17,bogota,1999-12-08,,,,32122183723,jairo@ugc.edu.co,,,,3,,,,,,,,,,1,,,
635,1,jairo,urrego,120423098,,,,,,,32122183723,jairo@ugc.edu.co,,330,,,,,1,1,,,1,,,1,,,
636,1,camilo,rios,2022101,2022-11-17,bogota,1999-12-08,,,,32122183723,jairo@ugc.edu.co,,,,3,,,,,,,,,,1,,,
637,1,jairo,urrego,120423098,,,,,,,32122183723,jairo@ugc.edu.co,,331,,,,,1,1,,,1,,,1,,,
638,1,camilo,rios,2022101,2022-11-17,bogota,1999-12-08,,,,32122183723,jairo@ugc.edu.co,,,,3,,,,,,,,,,1,,,
639,1,jairo,urrego,120423098,,,,,,,32122183723,jairo@ugc.edu.co,,332,,,,,1,1,,,1,,,1,,,
640,1,camilo,rios,2022101,2022-11-17,bogota,1999-12-08,,,,32122183723,jairo@ugc.edu.co,,,,3,,,,,,,,,,1,,,
641,1,jairo,urrego,120423098,,,,,,,32122183723,jairo@ugc.edu.co,,333,,,,,1,1,,,1,,,1,,,
642,1,camilo,rios,2022101,2022-11-17,bogota,1999-12-08,,,,32122183723,jairo@ugc.edu.co,,,,3,,,,,,,,,,1,,,
643,1,jairo,urrego,120423098,,,,,,,32122183723,jairo@ugc.edu.co,,334,,,,,1,1,,,1,,,1,,,
644,1,camilo,rios,2022101,2022-11-17,bogota,1999-12-08,,,,32122183723,jairo@ugc.edu.co,,,,3,,,,,,,,,,1,,,
645,1,jairo,urrego,120423098,,,,,,,32122183723,jairo@ugc.edu.co,,335,,,,,1,1,,,1,,,1,,,
646,1,camilo,rios,2022101,2022-11-17,bogota,1999-12-08,,,,32122183723,jairo@ugc.edu.co,,,,3,,,,,,,,,,1,,,
647,1,jairo,urrego,120423098,,,,,,,32122183723,jairo@ugc.edu.co,,336,,,,,1,1,,,1,,,1,,,
648,1,camilo,rios,2022101,2022-11-17,bogota,1999-12-08,,,,32122183723,jairo@ugc.edu.co,,,,3,,,,,,,,,,1,,,
649,1,jairo,urrego,120423098,,,,,,,32122183723,jairo@ugc.edu.co,,337,,,,,1,1,,,1,,,1,,,
650,1,camilo,rios,2022101,2022-11-17,bogota,1999-12-08,,,,32122183723,jairo@ugc.edu.co,,,,3,,,,,,,,,,1,,,
651,1,jairo,urrego,120423098,,,,,,,32122183723,jairo@ugc.edu.co,,338,,,,,1,1,,,1,,,1,,,
652,1,camilo,rios,2022101,2022-11-17,bogota,1999-12-08,,,,32122183723,jairo@ugc.edu.co,,,,3,,,,,,,,,,1,,,
653,1,jairo,urrego,120423098,,,,,,,32122183723,jairo@ugc.edu.co,,339,,,,,1,1,,,1,,,1,,,
654,1,camilo,rios,2022101,2022-11-17,bogota,1999-12-08,,,,32122183723,jairo@ugc.edu.co,,,,3,,,,,,,,,,1,,,
655,1,jairo,urrego,120423098,,,,,,,32122183723,jairo@ugc.edu.co,,340,,,,,1,1,,,1,,,1,,,
656,1,camilo,rios,2022101,2022-11-17,bogota,1999-12-08,,,,32122183723,jairo@ugc.edu.co,,,,3,,,,,,,,,,1,,,
657,1,jairo,urrego,120423098,,,,,,,32122183723,jairo@ugc.edu.co,,341,,,,,1,1,,,1,,,1,,,
658,1,camilo,rios,2022101,2022-11-17,bogota,1999-12-08,,,,32122183723,jairo@ugc.edu.co,,,,3,,,,,,,,,,1,,,
659,1,jairo,urrego,120423098,,,,,,,32122183723,jairo@ugc.edu.co,,342,,,,,1,1,,,1,,,1,,,
660,1,camilo,rios,2022101,2022-11-17,bogota,1999-12-08,,,,32122183723,jairo@ugc.edu.co,,,,3,,,,,,,,,,1,,,
661,1,jairo,urrego,120423098,,,,,,,32122183723,jairo@ugc.edu.co,,343,,,,,1,1,,,1,,,1,,,
662,1,camilo,rios,2022101,2022-11-17,bogota,1999-12-08,,,,32122183723,jairo@ugc.edu.co,,,,3,,,,,,,,,,1,,,
663,1,jairo,urrego,120423098,,,,,,,32122183723,jairo@ugc.edu.co,,344,,,,,1,1,,,1,,,1,,,
664,1,camilo,rios,2022101,2022-11-17,bogota,1999-12-08,,,,32122183723,jairo@ugc.edu.co,,,,3,,,,,,,,,,1,,,
665,1,jairo,urrego,120423098,,,,,,,32122183723,jairo@ugc.edu.co,,345,,,,,1,1,,,1,,,1,,,
666,1,camilo,rios,2022101,2022-11-17,bogota,1999-12-08,,,,32122183723,jairo@ugc.edu.co,,,,3,,,,,,,,,,1,,,
667,1,jairo,urrego,120423098,,,,,,,32122183723,jairo@ugc.edu.co,,346,,,,,1,1,,,1,,,1,,,
668,1,camilo,rios,2022101,2022-11-17,bogota,1999-12-08,,,,32122183723,jairo@ugc.edu.co,,,,3,,,,,,,,,,1,,,
669,1,jairo,urrego,120423098,,,,,,,32122183723,jairo@ugc.edu.co,,347,,,,,1,1,,,1,,,1,,,
670,1,camilo,rios,2022101,2022-11-17,bogota,1999-12-08,,,,32122183723,jairo@ugc.edu.co,,,,3,,,,,,,,,,1,,,
671,1,jairo,urrego,120423098,,,,,,,32122183723,jairo@ugc.edu.co,,348,,,,,1,1,,,1,,,1,,,
672,1,camilo,rios,2022101,2022-11-17,bogota,1999-12-08,,,,32122183723,jairo@ugc.edu.co,,,,3,,,,,,,,,,1,,,
673,1,jairo,urrego,120423098,,,,,,,32122183723,jairo@ugc.edu.co,,349,,,,,1,1,,,1,,,1,,,
674,1,camilo,rios,2022101,2022-11-17,bogota,1999-12-08,,,,32122183723,jairo@ugc.edu.co,,,,3,,,,,,,,,,1,,,
675,1,jairo,urrego,120423098,,,,,,,32122183723,jairo@ugc.edu.co,,350,,,,,1,1,,,1,,,1,,,
676,1,camilo,rios,2022101,2022-11-17,bogota,1999-12-08,,,,32122183723,jairo@ugc.edu.co,,,,3,,,,,,,,,,1,,,
677,1,jairo,urrego,120423098,,,,,,,32122183723,jairo@ugc.edu.co,,351,,,,,1,1,,,1,,,1,,,
678,1,camilo,rios,2022101,2022-11-17,bogota,1999-12-08,,,,32122183723,jairo@ugc.edu.co,,,,3,,,,,,,,,,1,,,
679,1,jairo,urrego,120423098,,,,,,,32122183723,jairo@ugc.edu.co,,352,,,,,1,1,,,1,,,1,,,
680,1,camilo,rios,2022101,2022-11-17,bogota,1999-12-08,,,,32122183723,jairo@ugc.edu.co,,,,3,,,,,,,,,,1,,,
681,1,jairo,urrego,120423098,,,,,,,32122183723,jairo@ugc.edu.co,,353,,,,,1,1,,,1,,,1,,,
682,1,camilo,rios,2022101,2022-11-17,bogota,1999-12-08,,,,32122183723,jairo@ugc.edu.co,,,,3,,,,,,,,,,1,,,
683,1,jairo,urrego,120423098,,,,,,,32122183723,jairo@ugc.edu.co,,354,,,,,1,1,,,1,,,1,,,
684,1,camilo,rios,2022101,2022-11-17,bogota,1999-12-08,,,,32122183723,jairo@ugc.edu.co,,,,3,,,,,,,,,,1,,,
685,1,jairo,urrego,120423098,,,,,,,32122183723,jairo@ugc.edu.co,,355,,,,,1,1,,,1,,,1,,,
686,1,camilo,rios,2022101,2022-11-17,bogota,1999-12-08,,,,32122183723,jairo@ugc.edu.co,,,,3,,,,,,,,,,1,,,
687,1,jairo,urrego,120423098,,,,,,,32122183723,jairo@ugc.edu.co,,356,,,,,1,1,,,1,,,1,,,
688,1,camilo,rios,2022101,2022-11-17,bogota,1999-12-08,,,,32122183723,jairo@ugc.edu.co,,,,3,,,,,,,,,,1,,,
689,1,jairo,urrego,120423098,,,,,,,32122183723,jairo@ugc.edu.co,,357,,,,,1,1,,,1,,,1,,,
690,1,camilo,rios,2022101,2022-11-17,bogota,1999-12-08,,,,32122183723,jairo@ugc.edu.co,,,,3,,,,,,,,,,1,,,
691,1,jairo,urrego,120423098,,,,,,,32122183723,jairo@ugc.edu.co,,358,,,,,1,1,,,1,,,1,,,
692,1,camilo,rios,2022101,2022-11-17,bogota,1999-12-08,,,,32122183723,jairo@ugc.edu.co,,,,3,,,,,,,,,,1,,,
693,1,jairo,urrego,120423098,,,,,,,32122183723,jairo@ugc.edu.co,,359,,,,,1,1,,,1,,,1,,,
694,1,camilo,rios,2022101,2022-11-17,bogota,1999-12-08,,,,32122183723,jairo@ugc.edu.co,,,,3,,,,,,,,,,1,,,
695,1,jairo,urrego,120423098,,,,,,,32122183723,jairo@ugc.edu.co,,360,,,,,1,1,,,1,,,1,,,
696,1,camilo,rios,2022101,2022-11-17,bogota,1999-12-08,,,,32122183723,jairo@ugc.edu.co,,,,3,,,,,,,,,,1,,,
697,1,jairo,urrego,120423098,,,,,,,32122183723,jairo@ugc.edu.co,,361,,,,,1,1,,,1,,,1,,,
698,1,camilo,rios,2022101,2022-11-17,bogota,1999-12-08,,,,32122183723,jairo@ugc.edu.co,,,,3,,,,,,,,,,1,,,
699,1,jairo,urrego,120423098,,,,,,,32122183723,jairo@ugc.edu.co,,362,,,,,1,1,,,1,,,1,,,
700,1,camilo,rios,2022101,2022-11-17,bogota,1999-12-08,,,,32122183723,jairo@ugc.edu.co,,,,3,,,,,,,,,,1,,,
701,1,jairo,urrego,120423098,,,,,,,32122183723,jairo@ugc.edu.co,,363,,,,,1,1,,,1,,,1,,,
702,1,camilo,rios,2022101,2022-11-17,bogota,1999-12-08,,,,32122183723,jairo@ugc.edu.co,,,,3,,,,,,,,,,1,,,
703,1,jairo,urrego,120423098,,,,,,,32122183723,jairo@ugc.edu.co,,364,,,,,1,1,,,1,,,1,,,
704,1,camilo,rios,2022101,2022-11-17,bogota,1999-12-08,,,,32122183723,jairo@ugc.edu.co,,,,3,,,,,,,,,,1,,,
705,1,jairo,urrego,120423098,,,,,,,32122183723,jairo@ugc.edu.co,,365,,,,,1,1,,,1,,,1,,,
706,1,camilo,rios,2022101,2022-11-17,bogota,1999-12-08,,,,32122183723,jairo@ugc.edu.co,,,,3,,,,,,,,,,1,,,
707,1,jairo,urrego,120423098,,,,,,,32122183723,jairo@ugc.edu.co,,366,,,,,1,1,,,1,,,1,,,
708,1,camilo,rios,2022101,2022-11-17,bogota,1999-12-08,,,,32122183723,jairo@ugc.edu.co,,,,3,,,,,,,,,,1,,,
709,1,jairo,urrego,120423098,,,,,,,32122183723,jairo@ugc.edu.co,,367,,,,,1,1,,,1,,,1,,,
710,1,camilo,rios,2022101,2022-11-17,bogota,1999-12-08,,,,32122183723,jairo@ugc.edu.co,,,,3,,,,,,,,,,1,,,
711,1,jairo,urrego,120423098,,,,,,,32122183723,jairo@ugc.edu.co,,368,,,,,1,1,,,1,,,1,,,
712,1,camilo,rios,2022101,2022-11-17,bogota,1999-12-08,,,,32122183723,jairo@ugc.edu.co,,,,3,,,,,,,,,,1,,,
713,1,jairo,urrego,120423098,,,,,,,32122183723,jairo@ugc.edu.co,,369,,,,,1,1,,,1,,,1,,,
714,1,camilo,rios,2022101,2022-11-17,bogota,1999-12-08,,,,32122183723,jairo@ugc.edu.co,,,,3,,,,,,,,,,1,,,
715,1,jairo,urrego,120423098,,,,,,,32122183723,jairo@ugc.edu.co,,370,,,,,1,1,,,1,,,1,,,
716,1,camilo,rios,2022101,2022-11-17,bogota,1999-12-08,,,,32122183723,jairo@ugc.edu.co,,,,3,,,,,,,,,,1,,,
717,1,jairo,urrego,120423098,,,,,,,32122183723,jairo@ugc.edu.co,,371,,,,,1,1,,,1,,,1,,,
718,1,camilo,rios,2022101,2022-11-17,bogota,1999-12-08,,,,32122183723,jairo@ugc.edu.co,,,,3,,,,,,,,,,1,,,
719,1,jairo,urrego,120423098,,,,,,,32122183723,jairo@ugc.edu.co,,372,,,,,1,1,,,1,,,1,,,
720,1,camilo,rios,2022101,2022-11-17,bogota,1999-12-08,,,,32122183723,jairo@ugc.edu.co,,,,3,,,,,,,,,,1,,,
721,1,jairo,urrego,120423098,,,,,,,32122183723,jairo@ugc.edu.co,,373,,,,,1,1,,,1,,,1,,,
722,1,camilo,rios,2022101,2022-11-17,bogota,1999-12-08,,,,32122183723,jairo@ugc.edu.co,,,,3,,,,,,,,,,1,,,
723,1,jairo,urrego,120423098,,,,,,,32122183723,jairo@ugc.edu.co,,374,,,,,1,1,,,1,,,1,,,
724,1,camilo,rios,2022101,2022-11-17,bogota,1999-12-08,,,,32122183723,jairo@ugc.edu.co,,,,3,,,,,,,,,,1,,,
725,1,jairo,urrego,120423098,,,,,,,32122183723,jairo@ugc.edu.co,,375,,,,,1,1,,,1,,,1,,,
726,1,camilo,rios,2022101,2022-11-17,bogota,1999-12-08,,,,32122183723,jairo@ugc.edu.co,,,,3,,,,,,,,,,1,,,
727,1,jairo,urrego,120423098,,,,,,,32122183723,jairo@ugc.edu.co,,376,,,,,1,1,,,1,,,1,,,
728,1,camilo,rios,2022101,2022-11-17,bogota,1999-12-08,,,,32122183723,jairo@ugc.edu.co,,,,3,,,,,,,,,,1,,,
729,1,jairo,urrego,120423098,,,,,,,32122183723,jairo@ugc.edu.co,,377,,,,,1,1,,,1,,,1,,,
730,1,camilo,rios,2022101,2022-11-17,bogota,1999-12-08,,,,32122183723,jairo@ugc.edu.co,,,,3,,,,,,,,,,1,,,
731,1,jairo,urrego,120423098,,,,,,,32122183723,jairo@ugc.edu.co,,378,,,,,1,1,,,1,,,1,,,
732,1,camilo,rios,2022101,2022-11-17,bogota,1999-12-08,,,,32122183723,jairo@ugc.edu.co,,,,3,,,,,,,,,,1,,,
733,1,jairo,urrego,120423098,,,,,,,32122183723,jairo@ugc.edu.co,,379,,,,,1,1,,,1,,,1,,,
734,1,camilo,rios,2022101,2022-11-17,bogota,1999-12-08,,,,32122183723,jairo@ugc.edu.co,,,,3,,,,,,,,,,1,,,
735,1,jairo,urrego,120423098,,,,,,,32122183723,jairo@ugc.edu.co,,380,,,,,1,1,,,1,,,1,,,
736,1,camilo,rios,2022101,2022-11-17,bogota,1999-12-08,,,,32122183723,jairo@ugc.edu.co,,,,3,,,,,,,,,,1,,,
737,1,jairo,urrego,120423098,,,,,,,32122183723,jairo@ugc.edu.co,,381,,,,,1,1,,,1,,,1,,,
738,1,camilo,rios,2022101,2022-11-17,bogota,1999-12-08,,,,32122183723,jairo@ugc.edu.co,,,,3,,,,,,,,,,1,,,
739,1,jairo,urrego,120423098,,,,,,,32122183723,jairo@ugc.edu.co,,382,,,,,1,1,,,1,,,1,,,
740,1,camilo,rios,2022101,2022-11-17,bogota,1999-12-08,,,,32122183723,jairo@ugc.edu.co,,,,3,,,,,,,,,,1,,,
741,1,jairo,urrego,120423098,,,,,,,32122183723,jairo@ugc.edu.co,,383,,,,,1,1,,,1,,,1,,,
742,1,camilo,rios,2022101,2022-11-17,bogota,1999-12-08,,,,32122183723,jairo@ugc.edu.co,,,,3,,,,,,,,,,1,,,
743,1,jairo,urrego,120423098,,,,,,,32122183723,jairo@ugc.edu.co,,384,,,,,1,1,,,1,,,1,,,
744,1,camilo,rios,2022101,2022-11-17,bogota,1999-12-08,,,,32122183723,jairo@ugc.edu.co,,,,3,,,,,,,,,,1,,,
745,1,jairo,urrego,120423098,,,,,,,32122183723,jairo@ugc.edu.co,,385,,,,,1,1,,,1,,,1,,,
746,1,camilo,rios,2022101,2022-11-17,bogota,1999-12-08,,,,32122183723,jairo@ugc.edu.co,,,,3,,,,,,,,,,1,,,
747,1,jairo,urrego,120423098,,,,,,,32122183723,jairo@ugc.edu.co,,386,,,,,1,1,,,1,,,1,,,
748,1,camilo,rios,2022101,2022-11-17,bogota,1999-12-08,,,,32122183723,jairo@ugc.edu.co,,,,3,,,,,,,,,,1,,,
749,1,jairo,urrego,120423098,,,,,,,32122183723,jairo@ugc.edu.co,,387,,,,,1,1,,,1,,,1,,,
750,1,camilo,rios,2022101,2022-11-17,bogota,1999-12-08,,,,32122183723,jairo@ugc.edu.co,,,,3,,,,,,,,,,1,,,
751,1,jairo,urrego,120423098,,,,,,,32122183723,jairo@ugc.edu.co,,388,,,,,1,1,,,1,,,1,,,
752,1,camilo,rios,2022101,2022-11-17,bogota,1999-12-08,,,,32122183723,jairo@ugc.edu.co,,,,3,,,,,,,,,,1,,,
753,1,jairo,urrego,120423098,,,,,,,32122183723,jairo@ugc.edu.co,,389,,,,,1,1,,,1,,,1,,,
754,1,camilo,rios,2022101,2022-11-17,bogota,1999-12-08,,,,32122183723,jairo@ugc.edu.co,,,,3,,,,,,,,,,1,,,
755,1,jairo,urrego,120423098,,,,,,,32122183723,jairo@ugc.edu.co,,390,,,,,1,1,,,1,,,1,,,
756,1,camilo,rios,2022101,2022-11-17,bogota,1999-12-08,,,,32122183723,jairo@ugc.edu.co,,,,3,,,,,,,,,,1,,,
757,1,jairo,urrego,120423098,,,,,,,32122183723,jairo@ugc.edu.co,,391,,,,,1,1,,,1,,,1,,,
758,1,camilo,rios,2022101,2022-11-17,bogota,1999-12-08,,,,32122183723,jairo@ugc.edu.co,,,,3,,,,,,,,,,1,,,
759,1,jairo,urrego,120423098,,,,,,,32122183723,jairo@ugc.edu.co,,392,,,,,1,1,,,1,,,1,,,
760,1,camilo,rios,2022101,2022-11-17,bogota,1999-12-08,,,,32122183723,jairo@ugc.edu.co,,,,3,,,,,,,,,,1,,,
761,1,jairo,urrego,120423098,,,,,,,32122183723,jairo@ugc.edu.co,,393,,,,,1,1,,,1,,,1,,,
762,1,camilo,rios,2022101,2022-11-17,bogota,1999-12-08,,,,32122183723,jairo@ugc.edu.co,,,,3,,,,,,,,,,1,,,
763,1,jairo,urrego,120423098,,,,,,,32122183723,jairo@ugc.edu.co,,394,,,,,1,1,,,1,,,1,,,
764,1,camilo,rios,2022101,2022-11-17,bogota,1999-12-08,,,,32122183723,jairo@ugc.edu.co,,,,3,,,,,,,,,,1,,,
765,1,jairo,urrego,120423098,,,,,,,32122183723,jairo@ugc.edu.co,,395,,,,,1,1,,,1,,,1,,,
766,1,camilo,rios,2022101,2022-11-17,bogota,1999-12-08,,,,32122183723,jairo@ugc.edu.co,,,,3,,,,,,,,,,1,,,
767,1,jairo,urrego,120423098,,,,,,,32122183723,jairo@ugc.edu.co,,396,,,,,1,1,,,1,,,1,,,
768,1,camilo,rios,2022101,2022-11-17,bogota,1999-12-08,,,,32122183723,jairo@ugc.edu.co,,,,3,,,,,,,,,,1,,,
769,1,jairo,urrego,120423098,,,,,,,32122183723,jairo@ugc.edu.co,,397,,,,,1,1,,,1,,,1,,,
770,1,camilo,rios,2022101,2022-11-17,bogota,1999-12-08,,,,32122183723,jairo@ugc.edu.co,,,,3,,,,,,,,,,1,,,
771,1,jairo,urrego,120423098,,,,,,,32122183723,jairo@ugc.edu.co,,398,,,,,1,1,,,1,,,1,,,
772,1,camilo,rios,2022101,2022-11-17,bogota,1999-12-08,,,,32122183723,jairo@ugc.edu.co,,,,3,,,,,,,,,,1,,,
773,1,jairo,urrego,120423098,,,,,,,32122183723,jairo@ugc.edu.co,,399,,,,,1,1,,,1,,,1,,,
774,1,camilo,rios,2022101,2022-11-17,bogota,1999-12-08,,,,32122183723,jairo@ugc.edu.co,,,,3,,,,,,,,,,1,,,
775,1,jairo,urrego,120423098,,,,,,,32122183723,jairo@ugc.edu.co,,400,,,,,1,1,,,1,,,1,,,
776,1,camilo,rios,2022101,2022-11-17,bogota,1999-12-08,,,,32122183723,jairo@ugc.edu.co,,,,3,,,,,,,,,,1,,,
777,1,jairo,urrego,120423098,,,,,,,32122183723,jairo@ugc.edu.co,,401,,,,,1,1,,,1,,,1,,,
778,1,camilo,rios,2022101,2022-11-17,bogota,1999-12-08,,,,32122183723,jairo@ugc.edu.co,,,,3,,,,,,,,,,1,,,
779,1,jairo,urrego,120423098,,,,,,,32122183723,jairo@ugc.edu.co,,402,,,,,1,1,,,1,,,1,,,
780,1,camilo,rios,2022101,2022-11-17,bogota,1999-12-08,,,,32122183723,jairo@ugc.edu.co,,,,3,,,,,,,,,,1,,,
781,1,jairo,urrego,120423098,,,,,,,32122183723,jairo@ugc.edu.co,,403,,,,,1,1,,,1,,,1,,,
782,1,camilo,rios,2022101,2022-11-17,bogota,1999-12-08,,,,32122183723,jairo@ugc.edu.co,,,,3,,,,,,,,,,1,,,
783,1,jairo,urrego,120423098,,,,,,,32122183723,jairo@ugc.edu.co,,404,,,,,1,1,,,1,,,1,,,
784,1,camilo,rios,2022101,2022-11-17,bogota,1999-12-08,,,,32122183723,jairo@ugc.edu.co,,,,3,,,,,,,,,,1,,,
785,1,jairo,urrego,120423098,,,,,,,32122183723,jairo@ugc.edu.co,,405,,,,,1,1,,,1,,,1,,,
786,1,camilo,rios,2022101,2022-11-17,bogota,1999-12-08,,,,32122183723,jairo@ugc.edu.co,,,,3,,,,,,,,,,1,,,
787,1,jairo,urrego,120423098,,,,,,,32122183723,jairo@ugc.edu.co,,406,,,,,1,1,,,1,3,,1,,,
788,1,camilo,rios,2022101,2022-11-17,bogota,1999-12-08,,,,32122183723,jairo@ugc.edu.co,,,,3,,,,,,,,2,,1,,,
888,1,camilo,rios,2022101,2022-11-17,bogota,1999-12-08,,,,32122183723,jairo@ugc.edu.co,,1,1,3,1,1,1,1,1,1,1,1,1,1,1,1,1
889,1,jairo,urrego,120423098,,,,,,,32122183723,jairo@ugc.edu.co,,457,,,,,1,1,,,1,,,1,,,
890,1,camilo,rios,2022101,2022-11-17,bogota,1999-12-08,,,,32122183723,jairo@ugc.edu.co,,,,3,,,,,,,,,,1,,,
891,1,jairo,urrego,120423098,,,,,,,32122183723,jairo@ugc.edu.co,,458,,,,,1,1,,,1,,,1,,,
892,1,camilo,rios,2022101,2022-11-17,bogota,1999-12-08,,,,32122183723,jairo@ugc.edu.co,,,,3,,,,,,,,,,1,,,
893,1,jairo,urrego,120423098,,,,,,,32122183723,jairo@ugc.edu.co,,459,,,,,1,1,,,1,,,1,,,
894,1,camilo,rios,2022101,2022-11-17,bogota,1999-12-08,,,,32122183723,jairo@ugc.edu.co,,,,3,,,,,,,,,,1,,,
895,1,jairo,urrego,120423098,,,,,,,32122183723,jairo@ugc.edu.co,,460,,,,,1,1,,,1,,,1,,,
896,1,camilo,rios,2022101,2022-11-17,bogota,1999-12-08,,,,32122183723,jairo@ugc.edu.co,,,,3,,,,,,,,2,,1,,,
897,1,jairo,urrego,120423098,,,,,,,32122183723,jairo@ugc.edu.co,,461,,,,,1,1,,,1,,,1,,,
898,1,camilo,rios,2022101,2022-11-17,bogota,1999-12-08,,,,32122183723,jairo@ugc.edu.co,,,,3,,,,,,,,,,1,,,
899,1,jairo,urrego,120423098,,,,,,,32122183723,jairo@ugc.edu.co,,462,,,,,1,1,,,1,,,1,,,
900,1,camilo,rios,2022101,2022-11-17,bogota,1999-12-08,,,,32122183723,jairo@ugc.edu.co,,,,3,,,,,,,,,,1,,,
901,1,jairo,urrego,120423098,,,,,,,32122183723,jairo@ugc.edu.co,,463,,,,,1,1,,,1,,,1,,,
902,1,camilo,rios,2022101,2022-11-17,bogota,1999-12-08,,,,32122183723,jairo@ugc.edu.co,,,,3,,,,,,,,,,1,,,
903,1,jairo,urrego,120423098,,,,,,,32122183723,jairo@ugc.edu.co,,464,,,,,1,1,,,1,,,1,,,
904,1,camilo,rios,2022101,2022-11-17,bogota,1999-12-08,,,,32122183723,jairo@ugc.edu.co,,476,,3,,,,,,,,,,1,,,
905,1,jairo,urrego,120423098,,,,,,,32122183723,jairo@ugc.edu.co,,465,,,,,1,1,,,1,,,1,,,
906,1,camilo,rios,2022101,2022-11-17,bogota,1999-12-08,,,,32122183723,jairo@ugc.edu.co,,,,3,,,,,,,,,,1,,,
907,1,jairo,urrego,120423098,,,,,,,32122183723,jairo@ugc.edu.co,,466,,,,,1,1,,,1,,,1,,,
908,1,camilo,rios,2022101,2022-11-17,bogota,1999-12-08,,,,32122183723,jairo@ugc.edu.co,,,,3,,,,,,,,,,1,,,
909,1,jairo,urrego,120423098,,,,,,,32122183723,jairo@ugc.edu.co,,467,,,,,1,1,,,1,,,1,,,
910,1,camilo,rios,2022101,2022-11-17,bogota,1999-12-08,,,,32122183723,jairo@ugc.edu.co,,,,3,,,,,,,,,,1,,,
911,1,jairo,urrego,120423098,,,,,,,32122183723,jairo@ugc.edu.co,,468,,,,,1,1,,,1,,,1,,,
912,1,camilo,rios,2022101,2022-11-17,bogota,1999-12-08,,,,32122183723,jairo@ugc.edu.co,,,,3,,,,,,,,,,1,,,
913,1,jairo,urrego,120423098,,,,,,,32122183723,jairo@ugc.edu.co,,240,,,,,1,1,,,1,1,,1,,,
914,1,jairo,urrego,120423098,,,,,,,32122183723,jairo@ugc.edu.co,,240,,,,,1,1,,,1,1,,1,,,
915,1,jairo,urrego,120423098,,,,,,,32122183723,jairo@ugc.edu.co,,240,,,,,1,1,,,1,1,,1,,,
916,1,jairo,urrego,120423098,,,,,,,32122183723,jairo@ugc.edu.co,,240,,,,,1,1,,,1,1,,1,,,
917,1,jairo,urrego,120423098,,,,,,,32122183723,jairo@ugc.edu.co,,240,,,,,1,1,,,1,1,,1,,,
918,1,jairo,urrego,120423098,,,,,,,32122183723,jairo@ugc.edu.co,,240,,,,,1,1,,,1,1,,1,,,
919,1,persona,prueba,6541321,,,,,,,31321321,a@ugc.edu.co,,478,,,,,,,,,,,,,,,
920,1,jairo,urrego,6541321,,,,,,,321221837,jairo@ugc.edu.co,,240,,,,,1,1,,,1,1,,1,,,
921,1,jairo,urrego,120423098,,,,,,,32122183723,jairo@ugc.edu.co,,469,,,,,1,1,,,1,,,1,,,
922,1,camilo,rios,2022101,2022-11-17,bogota,1999-12-08,,,,32122183723,jairo@ugc.edu.co,,,,3,,,,,,,,,,1,,,
923,1,jairo,urrego,120423098,,,,,,,32122183723,jairo@ugc.edu.co,,240,,,,,1,1,,,1,1,,1,,,
924,1,jairo,urrego,120423098,,,,,,,32122183723,jairo@ugc.edu.co,,240,,,,,1,1,,,1,1,,1,,,
925,1,jairo,urrego,120423098,,,,,,,32122183723,jairo@ugc.edu.co,,240,,,,,1,1,,,1,1,,1,,,
926,1,jairo,urrego,120423098,,,,,,,32122183723,jairo@ugc.edu.co,,470,,,,,1,1,,,1,,,1,,,
927,1,camilo,rios,2022101,2022-11-17,bogota,1999-12-08,,,,32122183723,jairo@ugc.edu.co,,,,3,,,,,,,,,,1,,,
928,1,jairo,urrego,120423098,,,,,,,32122183723,jairo@ugc.edu.co,,471,,,,,1,1,,,1,,,1,,,
929,1,camilo,rios,2022101,2022-11-17,bogota,1999-12-08,,,,32122183723,jairo@ugc.edu.co,,,,3,,,,,,,,,,1,,,
930,1,jairo,urrego,120423098,,,,,,,32122183723,jairo@ugc.edu.co,,472,,,,,1,1,,,1,,,1,,,
931,1,camilo,rios,2022101,2022-11-17,bogota,1999-12-08,,,,32122183723,jairo@ugc.edu.co,,,,3,,,,,,,,,,1,,,
932,1,jairo,urrego,120423098,,,,,,,32122183723,jairo@ugc.edu.co,,473,,,,,1,1,,,1,,,1,,,
933,1,camilo,rios,2022101,2022-11-17,bogota,1999-12-08,,,,32122183723,jairo@ugc.edu.co,,,,3,,,,,,,,,,1,,,
934,1,jairo,urrego,120423098,,,,,,,32122183723,jairo@ugc.edu.co,,474,,,,,1,1,,,1,,,1,,,
935,1,camilo,rios,2022101,2022-11-17,bogota,1999-12-08,,,,32122183723,jairo@ugc.edu.co,,,,3,,,,,,,,,,1,,,
936,1,jairo,urrego,120423098,,,,,,,32122183723,jairo@ugc.edu.co,,240,,,,,1,1,,,1,1,,1,,,
937,1,Juan Diego,Benavidez Castellanos,1234567890,2018-09-15,Bogot,,,,,32122183723,juan.benavidez@ugc.edu.co,,240,,,,,1,1,,,1,1,,1,,,
938,1,jairo,urrego,120423098,,,,,,,321221837,jairo@ugc.edu.co,,240,,,,,1,1,,,1,1,,1,,,
939,1,jairo,urrego,120423098,,,,,,,321221837,jairo@ugc.edu.co,,240,,,,,1,1,,,1,1,,1,,,
940,1,jairo,urrego,120423098,,,,,,,321221837,jairo@ugc.edu.co,,240,,,,,1,1,,,1,1,,1,,,
941,1,jairo,urrego,120423098,,,,,,,321221837,jairo@ugc.edu.co,,,,,,,,,,,,1,,,,,
942,1,jairo,urrego,120423098,,,,,,,321221837,jairo@ugc.edu.co,,,,,,,,,,,,1,,,,,
943,1,jairo,urrego,120423098,,,,,,,321221837,jairo@ugc.edu.co,,,,,,,,,,,,1,,,,,
944,1,jairo,urrego,120423098,,,,,,,321221837,jairo@ugc.edu.co,,,,,,,,,,,,1,,,,,
945,1,jairo,urrego,1204230987,,,,,,,321221837,jairo@ugc.edu.co,,,,,,,,,,,,1,,,,,
946,1,jairo,urrego,1204230987,,,,,,,321221837,jairo@ugc.edu.co,,,,,,,,,,,,1,,,,,
947,1,jairo,urrego,1204230987,,,,,,,321221837,jairo@ugc.edu.co,,,,,,,,,,,,1,,,,,
948,1,jairo,urrego,1204230987,,,,,,,321221837,jairo@ugc.edu.co,,,,,,,,,,,,1,,,,,
949,1,jairo,urrego,1204230987,,,,,,,321221837,jairo@ugc.edu.co,,,,,,,,,,,,1,,,,,
950,1,jairo,urrego,12042309875,,,,,,,321221837,jairo@ugc.edu.co,,,,,,,,,,,,1,,,,,
951,1,jairo,urrego,12042309875,,,,,,,321221837,jairo@ugc.edu.co,,,,,,,,,,,,1,,,,,
952,1,jairo,urrego,12042309875,,,,,,,321221837,jairo@ugc.edu.co,,,,,,,,,,,,1,,,,,
953,1,jairo,urrego,12042309875,,,,,,,321221837,jairo@ugc.edu.co,,,,,,,,,,,,1,,,,,
954,1,jairo,urrego,12042309875,,,,,,,321221837,jairo@ugc.edu.co,,,,,,,,,,,,1,,,,,
955,0,jairo,urrego,12042309871,,,,,,,321221837,jairo@ugc.edu.co,,,,,,,,,,,,1,,,,,
956,1,jairo,urrego,1204230981,,,,,,,321221837,jairo@ugc.edu.co,,,,,,,,,,,,1,,,,,
957,0,jairo,urrego,1013689035,,,,,,,321221837,jairo@ugc.edu.co,,,,,,,,,,,,1,,,,,
958,1,jairo,urrego,120423098,,,,,,,32122183723,jairo@ugc.edu.co,,479,,,,,1,1,,,1,,,1,,,
959,1,camilo,rios,2022101,2022-11-17,bogota,1999-12-08,,,,32122183723,jairo@ugc.edu.co,,,,3,,,,,,,,,,1,,,
960,1,jairo,urrego,120423098,,,,,,,32122183723,jairo@ugc.edu.co,,480,,,,,1,1,,,1,,,1,,,
961,1,camilo,rios,2022101,2022-11-17,bogota,1999-12-08,,,,32122183723,jairo@ugc.edu.co,,,,3,,,,,,,,,,1,,,
962,1,jairo,urrego,120423098,,,,,,,32122183723,jairo@ugc.edu.co,,481,,,,,1,1,,,1,,,1,,,
963,1,camilo,rios,2022101,2022-11-17,bogota,1999-12-08,,,,32122183723,jairo@ugc.edu.co,,,,3,,,,,,,,,,1,,,
964,1,jairo,urrego,120423098,,,,,,,32122183723,jairo@ugc.edu.co,,482,,,,,1,1,,,1,,,1,,,
965,1,camilo,rios,2022101,2022-11-17,bogota,1999-12-08,,,,32122183723,jairo@ugc.edu.co,,,,3,,,,,,,,,,1,,,
966,1,jairo,urrego,120423098,,,,,,,32122183723,jairo@ugc.edu.co,,483,,,,,1,1,,,1,,,1,,,
967,1,camilo,rios,2022101,2022-11-17,bogota,1999-12-08,,,,32122183723,jairo@ugc.edu.co,,,,3,,,,,,,,,,1,,,
968,1,jairo,urrego,120423098,,,,,,,32122183723,jairo@ugc.edu.co,,484,,,,,1,1,,,1,,,1,,,
969,1,camilo,rios,2022101,2022-11-17,bogota,1999-12-08,,,,32122183723,jairo@ugc.edu.co,,,,3,,,,,,,,,,1,,,